#
# There is insufficient memory for the Java Runtime Environment to continue.
# Native memory allocation (mmap) failed to map 433061888 bytes. Error detail: G1 virtual space
# Possible reasons:
#   The system is out of physical RAM or swap space
#   This process is running with CompressedOops enabled, and the Java Heap may be blocking the growth of the native heap
# Possible solutions:
#   Reduce memory load on the system
#   Increase physical memory or swap space
#   Check if swap backing store is full
#   Decrease Java heap size (-Xmx/-Xms)
#   Decrease number of Java threads
#   Decrease Java thread stack sizes (-Xss)
#   Set larger code cache with -XX:ReservedCodeCacheSize=
#   JVM is running with Unscaled Compressed Oops mode in which the Java heap is
#     placed in the first 4GB address space. The Java Heap base address is the
#     maximum limit for the native heap growth. Please use -XX:HeapBaseMinAddress
#     to set the Java Heap base and to place the Java Heap above 4GB virtual address.
# This output file may be truncated or incomplete.
#
#  Out of Memory Error (os_windows.cpp:3898), pid=12320, tid=14844
#
# JRE version: OpenJDK Runtime Environment (21.0.7) (build 21.0.7+-13880790-b1038.58)
# Java VM: OpenJDK 64-Bit Server VM (21.0.7+-13880790-b1038.58, mixed mode, tiered, compressed oops, compressed class ptrs, g1 gc, windows-amd64)
# No core dump will be written. Minidumps are not enabled by default on client versions of Windows
#

---------------  S U M M A R Y ------------

Command Line: --add-opens=java.base/java.lang=ALL-UNNAMED --add-opens=java.base/java.lang.invoke=ALL-UNNAMED --add-opens=java.base/java.util=ALL-UNNAMED --add-opens=java.prefs/java.util.prefs=ALL-UNNAMED --add-exports=jdk.compiler/com.sun.tools.javac.api=ALL-UNNAMED --add-exports=jdk.compiler/com.sun.tools.javac.util=ALL-UNNAMED --add-opens=java.base/java.util=ALL-UNNAMED --add-opens=java.prefs/java.util.prefs=ALL-UNNAMED --add-opens=java.base/java.nio.charset=ALL-UNNAMED --add-opens=java.base/java.net=ALL-UNNAMED --add-opens=java.base/java.util.concurrent.atomic=ALL-UNNAMED --add-opens=java.xml/javax.xml.namespace=ALL-UNNAMED -Xmx2048m -Dfile.encoding=UTF-8 -Duser.country=US -Duser.language=en -Duser.variant -javaagent:C:\Users\38761\.gradle\wrapper\dists\gradle-8.13-bin\5xuhj0ry160q40clulazy9h7d\gradle-8.13\lib\agents\gradle-instrumentation-agent-8.13.jar org.gradle.launcher.daemon.bootstrap.GradleDaemon 8.13

Host: Intel(R) Core(TM) i5-7200U CPU @ 2.50GHz, 4 cores, 7G,  Windows 11 , 64 bit Build 22621 (10.0.22621.3958)
Time: Thu Jan 22 12:10:57 2026 Central European Standard Time elapsed time: 6602.211491 seconds (0d 1h 50m 2s)

---------------  T H R E A D  ---------------

Current thread (0x000001e967aaf4c0):  VMThread "VM Thread"          [id=14844, stack(0x00000089ec300000,0x00000089ec400000) (1024K)]

Stack: [0x00000089ec300000,0x00000089ec400000]
Native frames: (J=compiled Java code, j=interpreted, Vv=VM code, C=native code)
V  [jvm.dll+0x6d25c9]
V  [jvm.dll+0x860923]
V  [jvm.dll+0x862e7e]
V  [jvm.dll+0x863563]
V  [jvm.dll+0x27f156]
V  [jvm.dll+0x6ceee5]
V  [jvm.dll+0x6c29aa]
V  [jvm.dll+0x355ebb]
V  [jvm.dll+0x35db16]
V  [jvm.dll+0x3afb16]
V  [jvm.dll+0x3afde8]
V  [jvm.dll+0x32855c]
V  [jvm.dll+0x3285e7]
V  [jvm.dll+0x36e47c]
V  [jvm.dll+0x36cc2e]
V  [jvm.dll+0x327cb1]
V  [jvm.dll+0x36c330]
V  [jvm.dll+0x8692e8]
V  [jvm.dll+0x86a664]
V  [jvm.dll+0x86aba0]
V  [jvm.dll+0x86ae33]
V  [jvm.dll+0x808d08]
V  [jvm.dll+0x6d0e1d]
C  [ucrtbase.dll+0x29333]
C  [KERNEL32.DLL+0x1257d]
C  [ntdll.dll+0x5af08]

VM_Operation (0x00000089efcf6720): G1CollectForAllocation, mode: safepoint, requested by thread 0x000001e97aa140d0


---------------  P R O C E S S  ---------------

Threads class SMR info:
_java_thread_list=0x000001e97cbac8b0, length=98, elements={
0x000001e950c59da0, 0x000001e967c4c450, 0x000001e967c52130, 0x000001e967c64090,
0x000001e967c703d0, 0x000001e967c70f60, 0x000001e967c719c0, 0x000001e967c72650,
0x000001e967c76400, 0x000001e967c7bc70, 0x000001e967fc9f50, 0x000001e96d7bd440,
0x000001e96d9fe1c0, 0x000001e96d789500, 0x000001e96d852f20, 0x000001e96d8514e0,
0x000001e96d852890, 0x000001e96cfaa200, 0x000001e96cfa87c0, 0x000001e96cfa7410,
0x000001e96cfa8e50, 0x000001e96cfa6d80, 0x000001e96e124c60, 0x000001e96e122500,
0x000001e97215c870, 0x000001e97132a460, 0x000001e971323b60, 0x000001e97aa0d7d0,
0x000001e97aa105c0, 0x000001e97aa112e0, 0x000001e97aa0e4f0, 0x000001e97aa0bd90,
0x000001e97aa10c50, 0x000001e97aa0b700, 0x000001e97aa0c420, 0x000001e97aa0eb80,
0x000001e97aa0d140, 0x000001e97aa0cab0, 0x000001e97aa11970, 0x000001e97aa12000,
0x000001e97aa0f210, 0x000001e97aa0b070, 0x000001e97aa17550, 0x000001e97aa18f90,
0x000001e97aa16830, 0x000001e97aa19620, 0x000001e97aa12690, 0x000001e97aa133b0,
0x000001e97aa16ec0, 0x000001e97aa12d20, 0x000001e97aa14df0, 0x000001e97aa13a40,
0x000001e97aa17be0, 0x000001e97aa1a340, 0x000001e97aa140d0, 0x000001e97aa18270,
0x000001e97aa18900, 0x000001e97a9dbd50, 0x000001e97a9da310, 0x000001e97a9dca70,
0x000001e97a9db030, 0x000001e97a9da9a0, 0x000001e97a9db6c0, 0x000001e97a9d8f60,
0x000001e97a9dc3e0, 0x000001e97a9dd100, 0x000001e97a9dd790, 0x000001e97a9dde20,
0x000001e9707421b0, 0x000001e970742ed0, 0x000001e97074a4f0, 0x000001e971160570,
0x000001e971164080, 0x000001e971164710, 0x000001e97115de10, 0x000001e97115eb30,
0x000001e96e121e70, 0x000001e9713255a0, 0x000001e97132b180, 0x000001e9713241f0,
0x000001e971324880, 0x000001e971324f10, 0x000001e9713290b0, 0x000001e971328390,
0x000001e971326fe0, 0x000001e971325c30, 0x000001e9713262c0, 0x000001e971329740,
0x000001e971329dd0, 0x000001e97132aaf0, 0x000001e971327670, 0x000001e971326950,
0x000001e97a9d8240, 0x000001e9797c34e0, 0x000001e9797c1aa0, 0x000001e978aca530,
0x000001e9797c2130, 0x000001e96d8f2680
}

Java Threads: ( => current thread )
  0x000001e950c59da0 JavaThread "main"                              [_thread_blocked, id=10624, stack(0x00000089ebc00000,0x00000089ebd00000) (1024K)]
  0x000001e967c4c450 JavaThread "Common-Cleaner"             daemon [_thread_blocked, id=3392, stack(0x00000089ec400000,0x00000089ec500000) (1024K)]
  0x000001e967c52130 JavaThread "Reference Handler"          daemon [_thread_blocked, id=13404, stack(0x00000089ec500000,0x00000089ec600000) (1024K)]
  0x000001e967c64090 JavaThread "Finalizer"                  daemon [_thread_blocked, id=10396, stack(0x00000089ec600000,0x00000089ec700000) (1024K)]
  0x000001e967c703d0 JavaThread "Signal Dispatcher"          daemon [_thread_blocked, id=14248, stack(0x00000089ec700000,0x00000089ec800000) (1024K)]
  0x000001e967c70f60 JavaThread "Attach Listener"            daemon [_thread_blocked, id=2476, stack(0x00000089ec800000,0x00000089ec900000) (1024K)]
  0x000001e967c719c0 JavaThread "Service Thread"             daemon [_thread_blocked, id=3652, stack(0x00000089ec900000,0x00000089eca00000) (1024K)]
  0x000001e967c72650 JavaThread "Monitor Deflation Thread"   daemon [_thread_blocked, id=13032, stack(0x00000089eca00000,0x00000089ecb00000) (1024K)]
  0x000001e967c76400 JavaThread "C2 CompilerThread0"         daemon [_thread_blocked, id=12580, stack(0x00000089ecb00000,0x00000089ecc00000) (1024K)]
  0x000001e967c7bc70 JavaThread "C1 CompilerThread0"         daemon [_thread_blocked, id=14984, stack(0x00000089ecc00000,0x00000089ecd00000) (1024K)]
  0x000001e967fc9f50 JavaThread "Notification Thread"        daemon [_thread_blocked, id=12400, stack(0x00000089ecd00000,0x00000089ece00000) (1024K)]
  0x000001e96d7bd440 JavaThread "Daemon health stats"               [_thread_blocked, id=8300, stack(0x00000089ed000000,0x00000089ed100000) (1024K)]
  0x000001e96d9fe1c0 JavaThread "Incoming local TCP Connector on port 1396"        [_thread_in_native, id=9280, stack(0x00000089ed200000,0x00000089ed300000) (1024K)]
  0x000001e96d789500 JavaThread "Daemon periodic checks"            [_thread_blocked, id=14504, stack(0x00000089ed300000,0x00000089ed400000) (1024K)]
  0x000001e96d852f20 JavaThread "Cache worker for journal cache (C:\Users\38761\.gradle\caches\journal-1)"        [_thread_blocked, id=14800, stack(0x00000089edb00000,0x00000089edc00000) (1024K)]
  0x000001e96d8514e0 JavaThread "File lock request listener"        [_thread_in_native, id=10536, stack(0x00000089edc00000,0x00000089edd00000) (1024K)]
  0x000001e96d852890 JavaThread "Cache worker for file hash cache (C:\Users\38761\.gradle\caches\8.13\fileHashes)"        [_thread_blocked, id=15688, stack(0x00000089edd00000,0x00000089ede00000) (1024K)]
  0x000001e96cfaa200 JavaThread "File watcher server"        daemon [_thread_blocked, id=3568, stack(0x00000089ee300000,0x00000089ee400000) (1024K)]
  0x000001e96cfa87c0 JavaThread "File watcher consumer"      daemon [_thread_blocked, id=5196, stack(0x00000089ee400000,0x00000089ee500000) (1024K)]
  0x000001e96cfa7410 JavaThread "jar transforms"                    [_thread_blocked, id=5068, stack(0x00000089ee500000,0x00000089ee600000) (1024K)]
  0x000001e96cfa8e50 JavaThread "jar transforms Thread 2"           [_thread_blocked, id=5952, stack(0x00000089ee600000,0x00000089ee700000) (1024K)]
  0x000001e96cfa6d80 JavaThread "Cache worker for file content cache (C:\Users\38761\.gradle\caches\8.13\fileContent)"        [_thread_blocked, id=7088, stack(0x00000089ee800000,0x00000089ee900000) (1024K)]
  0x000001e96e124c60 JavaThread "jar transforms Thread 3"           [_thread_blocked, id=16076, stack(0x00000089ee900000,0x00000089eea00000) (1024K)]
  0x000001e96e122500 JavaThread "jar transforms Thread 4"           [_thread_blocked, id=9392, stack(0x00000089ef200000,0x00000089ef300000) (1024K)]
  0x000001e97215c870 JavaThread "Memory manager"                    [_thread_blocked, id=3296, stack(0x00000089f0000000,0x00000089f0100000) (1024K)]
  0x000001e97132a460 JavaThread "RMI Scheduler(0)"           daemon [_thread_blocked, id=7580, stack(0x00000089ede00000,0x00000089edf00000) (1024K)]
  0x000001e971323b60 JavaThread "RMI TCP Accept-0"           daemon [_thread_in_native, id=13948, stack(0x00000089f2000000,0x00000089f2100000) (1024K)]
  0x000001e97aa0d7d0 JavaThread "Daemon Thread 25"                  [_thread_blocked, id=6732, stack(0x00000089ed500000,0x00000089ed600000) (1024K)]
  0x000001e97aa105c0 JavaThread "Handler for socket connection from /127.0.0.1:1396 to /127.0.0.1:61529"        [_thread_in_native, id=2576, stack(0x00000089ed600000,0x00000089ed700000) (1024K)]
  0x000001e97aa112e0 JavaThread "Cancel handler"                    [_thread_blocked, id=14316, stack(0x00000089ed700000,0x00000089ed800000) (1024K)]
  0x000001e97aa0e4f0 JavaThread "Daemon worker Thread 24"           [_thread_blocked, id=14724, stack(0x00000089ed800000,0x00000089ed900000) (1024K)]
  0x000001e97aa0bd90 JavaThread "Asynchronous log dispatcher for DefaultDaemonConnection: socket connection from /127.0.0.1:1396 to /127.0.0.1:61529"        [_thread_blocked, id=15264, stack(0x00000089ed900000,0x00000089eda00000) (1024K)]
  0x000001e97aa10c50 JavaThread "Stdin handler"                     [_thread_blocked, id=12668, stack(0x00000089eda00000,0x00000089edb00000) (1024K)]
  0x000001e97aa0b700 JavaThread "Daemon client event forwarder"        [_thread_blocked, id=6712, stack(0x00000089edf00000,0x00000089ee000000) (1024K)]
  0x000001e97aa0c420 JavaThread "Cache worker for file hash cache (C:\Users\38761\AndroidStudioProjects\rekreativa\.gradle\8.13\fileHashes)"        [_thread_blocked, id=10184, stack(0x00000089ee000000,0x00000089ee100000) (1024K)]
  0x000001e97aa0eb80 JavaThread "Cache worker for Build Output Cleanup Cache (C:\Users\38761\AndroidStudioProjects\rekreativa\.gradle\buildOutputCleanup)"        [_thread_blocked, id=372, stack(0x00000089ee100000,0x00000089ee200000) (1024K)]
  0x000001e97aa0d140 JavaThread "Cache worker for checksums cache (C:\Users\38761\AndroidStudioProjects\rekreativa\.gradle\8.13\checksums)"        [_thread_blocked, id=5228, stack(0x00000089ee200000,0x00000089ee300000) (1024K)]
  0x000001e97aa0cab0 JavaThread "Cache worker for cache directory md-supplier (C:\Users\38761\.gradle\caches\8.13\md-supplier)"        [_thread_blocked, id=5732, stack(0x00000089ee700000,0x00000089ee800000) (1024K)]
  0x000001e97aa11970 JavaThread "Cache worker for cache directory md-rule (C:\Users\38761\.gradle\caches\8.13\md-rule)"        [_thread_blocked, id=1228, stack(0x00000089eea00000,0x00000089eeb00000) (1024K)]
  0x000001e97aa12000 JavaThread "Unconstrained build operations"        [_thread_blocked, id=3580, stack(0x00000089eeb00000,0x00000089eec00000) (1024K)]
  0x000001e97aa0f210 JavaThread "Unconstrained build operations Thread 2"        [_thread_blocked, id=15568, stack(0x00000089eec00000,0x00000089eed00000) (1024K)]
  0x000001e97aa0b070 JavaThread "Unconstrained build operations Thread 3"        [_thread_blocked, id=2400, stack(0x00000089eed00000,0x00000089eee00000) (1024K)]
  0x000001e97aa17550 JavaThread "Unconstrained build operations Thread 4"        [_thread_blocked, id=15892, stack(0x00000089eee00000,0x00000089eef00000) (1024K)]
  0x000001e97aa18f90 JavaThread "Unconstrained build operations Thread 5"        [_thread_blocked, id=11984, stack(0x00000089eef00000,0x00000089ef000000) (1024K)]
  0x000001e97aa16830 JavaThread "Unconstrained build operations Thread 6"        [_thread_blocked, id=9464, stack(0x00000089ef000000,0x00000089ef100000) (1024K)]
  0x000001e97aa19620 JavaThread "Unconstrained build operations Thread 7"        [_thread_blocked, id=8472, stack(0x00000089ef100000,0x00000089ef200000) (1024K)]
  0x000001e97aa12690 JavaThread "Unconstrained build operations Thread 8"        [_thread_blocked, id=11868, stack(0x00000089ef300000,0x00000089ef400000) (1024K)]
  0x000001e97aa133b0 JavaThread "Unconstrained build operations Thread 9"        [_thread_blocked, id=8248, stack(0x00000089ef400000,0x00000089ef500000) (1024K)]
  0x000001e97aa16ec0 JavaThread "Unconstrained build operations Thread 10"        [_thread_blocked, id=1392, stack(0x00000089ef500000,0x00000089ef600000) (1024K)]
  0x000001e97aa12d20 JavaThread "Unconstrained build operations Thread 11"        [_thread_blocked, id=3676, stack(0x00000089ef600000,0x00000089ef700000) (1024K)]
  0x000001e97aa14df0 JavaThread "Unconstrained build operations Thread 12"        [_thread_blocked, id=884, stack(0x00000089ef700000,0x00000089ef800000) (1024K)]
  0x000001e97aa13a40 JavaThread "build event listener"              [_thread_blocked, id=12276, stack(0x00000089ef800000,0x00000089ef900000) (1024K)]
  0x000001e97aa17be0 JavaThread "build event listener"              [_thread_blocked, id=2212, stack(0x00000089ef900000,0x00000089efa00000) (1024K)]
  0x000001e97aa1a340 JavaThread "included builds"                   [_thread_blocked, id=15632, stack(0x00000089efb00000,0x00000089efc00000) (1024K)]
  0x000001e97aa140d0 JavaThread "Execution worker"                  [_thread_blocked, id=11096, stack(0x00000089efc00000,0x00000089efd00000) (1024K)]
  0x000001e97aa18270 JavaThread "Execution worker Thread 2"         [_thread_blocked, id=392, stack(0x00000089efd00000,0x00000089efe00000) (1024K)]
  0x000001e97aa18900 JavaThread "Execution worker Thread 3"         [_thread_blocked, id=15424, stack(0x00000089efe00000,0x00000089eff00000) (1024K)]
  0x000001e97a9dbd50 JavaThread "Cache worker for execution history cache (C:\Users\38761\AndroidStudioProjects\rekreativa\.gradle\8.13\executionHistory)"        [_thread_blocked, id=15732, stack(0x00000089eff00000,0x00000089f0000000) (1024K)]
  0x000001e97a9da310 JavaThread "Unconstrained build operations Thread 13"        [_thread_blocked, id=9536, stack(0x00000089f0100000,0x00000089f0200000) (1024K)]
  0x000001e97a9dca70 JavaThread "Unconstrained build operations Thread 14"        [_thread_blocked, id=10428, stack(0x00000089f0200000,0x00000089f0300000) (1024K)]
  0x000001e97a9db030 JavaThread "Unconstrained build operations Thread 15"        [_thread_blocked, id=15672, stack(0x00000089f0300000,0x00000089f0400000) (1024K)]
  0x000001e97a9da9a0 JavaThread "WorkerExecutor Queue"              [_thread_in_native, id=12808, stack(0x00000089f0400000,0x00000089f0500000) (1024K)]
  0x000001e97a9db6c0 JavaThread "Unconstrained build operations Thread 16"        [_thread_blocked, id=5520, stack(0x00000089f0500000,0x00000089f0600000) (1024K)]
  0x000001e97a9d8f60 JavaThread "Unconstrained build operations Thread 17"        [_thread_blocked, id=16160, stack(0x00000089f0600000,0x00000089f0700000) (1024K)]
  0x000001e97a9dc3e0 JavaThread "Unconstrained build operations Thread 18"        [_thread_blocked, id=9896, stack(0x00000089f0700000,0x00000089f0800000) (1024K)]
  0x000001e97a9dd100 JavaThread "Unconstrained build operations Thread 19"        [_thread_blocked, id=14732, stack(0x00000089efa00000,0x00000089efb00000) (1024K)]
  0x000001e97a9dd790 JavaThread "Unconstrained build operations Thread 20"        [_thread_blocked, id=14268, stack(0x00000089f0800000,0x00000089f0900000) (1024K)]
  0x000001e97a9dde20 JavaThread "Unconstrained build operations Thread 21"        [_thread_blocked, id=14792, stack(0x00000089f0900000,0x00000089f0a00000) (1024K)]
  0x000001e9707421b0 JavaThread "WorkerExecutor Queue Thread 2"        [_thread_blocked, id=15832, stack(0x00000089f0b00000,0x00000089f0c00000) (1024K)]
  0x000001e970742ed0 JavaThread "WorkerExecutor Queue Thread 3"        [_thread_blocked, id=16196, stack(0x00000089f0c00000,0x00000089f0d00000) (1024K)]
  0x000001e97074a4f0 JavaThread "WorkerExecutor Queue Thread 4"        [_thread_blocked, id=2660, stack(0x00000089f0d00000,0x00000089f0e00000) (1024K)]
  0x000001e971160570 JavaThread "Unconstrained build operations Thread 22"        [_thread_blocked, id=3180, stack(0x00000089f0e00000,0x00000089f0f00000) (1024K)]
  0x000001e971164080 JavaThread "Unconstrained build operations Thread 23"        [_thread_blocked, id=6364, stack(0x00000089f0f00000,0x00000089f1000000) (1024K)]
  0x000001e971164710 JavaThread "Unconstrained build operations Thread 24"        [_thread_blocked, id=8884, stack(0x00000089f1000000,0x00000089f1100000) (1024K)]
  0x000001e97115de10 JavaThread "Unconstrained build operations Thread 25"        [_thread_blocked, id=9740, stack(0x00000089f1100000,0x00000089f1200000) (1024K)]
  0x000001e97115eb30 JavaThread "Unconstrained build operations Thread 26"        [_thread_blocked, id=9292, stack(0x00000089f1200000,0x00000089f1300000) (1024K)]
  0x000001e96e121e70 JavaThread "Unconstrained build operations Thread 27"        [_thread_blocked, id=12564, stack(0x00000089f1300000,0x00000089f1400000) (1024K)]
  0x000001e9713255a0 JavaThread "Unconstrained build operations Thread 28"        [_thread_blocked, id=10132, stack(0x00000089f1400000,0x00000089f1500000) (1024K)]
  0x000001e97132b180 JavaThread "Unconstrained build operations Thread 29"        [_thread_blocked, id=11120, stack(0x00000089f1500000,0x00000089f1600000) (1024K)]
  0x000001e9713241f0 JavaThread "Unconstrained build operations Thread 30"        [_thread_blocked, id=2072, stack(0x00000089f1600000,0x00000089f1700000) (1024K)]
  0x000001e971324880 JavaThread "Unconstrained build operations Thread 31"        [_thread_blocked, id=13692, stack(0x00000089f1700000,0x00000089f1800000) (1024K)]
  0x000001e971324f10 JavaThread "Unconstrained build operations Thread 32"        [_thread_blocked, id=1236, stack(0x00000089f1800000,0x00000089f1900000) (1024K)]
  0x000001e9713290b0 JavaThread "Unconstrained build operations Thread 33"        [_thread_blocked, id=14404, stack(0x00000089f1900000,0x00000089f1a00000) (1024K)]
  0x000001e971328390 JavaThread "Unconstrained build operations Thread 34"        [_thread_blocked, id=5620, stack(0x00000089f1a00000,0x00000089f1b00000) (1024K)]
  0x000001e971326fe0 JavaThread "Unconstrained build operations Thread 35"        [_thread_blocked, id=1756, stack(0x00000089f1b00000,0x00000089f1c00000) (1024K)]
  0x000001e971325c30 JavaThread "Unconstrained build operations Thread 36"        [_thread_blocked, id=9128, stack(0x00000089f1c00000,0x00000089f1d00000) (1024K)]
  0x000001e9713262c0 JavaThread "Unconstrained build operations Thread 37"        [_thread_blocked, id=14532, stack(0x00000089f1d00000,0x00000089f1e00000) (1024K)]
  0x000001e971329740 JavaThread "pool-121-thread-1"                 [_thread_blocked, id=6868, stack(0x00000089f1e00000,0x00000089f1f00000) (1024K)]
  0x000001e971329dd0 JavaThread "stderr"                            [_thread_in_native, id=7744, stack(0x00000089f1f00000,0x00000089f2000000) (1024K)]
  0x000001e97132aaf0 JavaThread "stdout"                            [_thread_in_native, id=4684, stack(0x00000089f2100000,0x00000089f2200000) (1024K)]
  0x000001e971327670 JavaThread "Unconstrained build operations Thread 38"        [_thread_blocked, id=14780, stack(0x00000089f2200000,0x00000089f2300000) (1024K)]
  0x000001e971326950 JavaThread "Unconstrained build operations Thread 39"        [_thread_blocked, id=15124, stack(0x00000089f2300000,0x00000089f2400000) (1024K)]
  0x000001e97a9d8240 JavaThread "Unconstrained build operations Thread 40"        [_thread_blocked, id=4016, stack(0x00000089f2400000,0x00000089f2500000) (1024K)]
  0x000001e9797c34e0 JavaThread "RMI RenewClean-[127.0.0.1:17073,org.jetbrains.kotlin.daemon.common.LoopbackNetworkInterface$ClientLoopbackSocketFactory@1bfc29ce]" daemon [_thread_blocked, id=5632, stack(0x00000089f0a00000,0x00000089f0b00000) (1024K)]
  0x000001e9797c1aa0 JavaThread "RMI GC Daemon"              daemon [_thread_blocked, id=952, stack(0x00000089f2500000,0x00000089f2600000) (1024K)]
  0x000001e978aca530 JavaThread "C2 CompilerThread1"         daemon [_thread_blocked, id=16304, stack(0x00000089f2600000,0x00000089f2700000) (1024K)]
  0x000001e9797c2130 JavaThread "RMI Reaper"                        [_thread_blocked, id=13052, stack(0x00000089f2700000,0x00000089f2800000) (1024K)]
  0x000001e96d8f2680 JavaThread "RMI TCP Connection(255)-127.0.0.1" daemon [_thread_in_native, id=7912, stack(0x00000089f2800000,0x00000089f2900000) (1024K)]
Total: 98

Other Threads:
=>0x000001e967aaf4c0 VMThread "VM Thread"                           [id=14844, stack(0x00000089ec300000,0x00000089ec400000) (1024K)]
  0x000001e967a48920 WatcherThread "VM Periodic Task Thread"        [id=15940, stack(0x00000089ec200000,0x00000089ec300000) (1024K)]
  0x000001e950cb0380 WorkerThread "GC Thread#0"                     [id=13820, stack(0x00000089ebd00000,0x00000089ebe00000) (1024K)]
  0x000001e96c0c7050 WorkerThread "GC Thread#1"                     [id=12524, stack(0x00000089ece00000,0x00000089ecf00000) (1024K)]
  0x000001e96c0c73f0 WorkerThread "GC Thread#2"                     [id=12016, stack(0x00000089ecf00000,0x00000089ed000000) (1024K)]
  0x000001e96caea410 WorkerThread "GC Thread#3"                     [id=1452, stack(0x00000089ed100000,0x00000089ed200000) (1024K)]
  0x000001e950cc1360 ConcurrentGCThread "G1 Main Marker"            [id=5656, stack(0x00000089ebe00000,0x00000089ebf00000) (1024K)]
  0x000001e950cc1e60 WorkerThread "G1 Conc#0"                       [id=1296, stack(0x00000089ebf00000,0x00000089ec000000) (1024K)]
  0x000001e950d1e650 ConcurrentGCThread "G1 Refine#0"               [id=7160, stack(0x00000089ec000000,0x00000089ec100000) (1024K)]
  0x000001e96790e380 ConcurrentGCThread "G1 Service"                [id=10212, stack(0x00000089ec100000,0x00000089ec200000) (1024K)]
Total: 10

Threads with active compile tasks:
C2 CompilerThread0  6602275 62193       4       com.android.tools.r8.graph.u2::a (439 bytes)
C2 CompilerThread1  6602275 62192       4       com.android.tools.r8.internal.rc::d (98 bytes)
Total: 2

VM state: at safepoint (normal execution)

VM Mutex/Monitor currently owned by a thread:  ([mutex/lock_event])
[0x00007ffe2e541468] Threads_lock - owner thread: 0x000001e967aaf4c0
[0x00007ffe2e541568] Heap_lock - owner thread: 0x000001e97aa140d0

Heap address: 0x0000000080000000, size: 2048 MB, Compressed Oops mode: 32-bit

CDS archive(s) not mapped
Compressed class space mapped at: 0x0000000100000000-0x0000000140000000, reserved size: 1073741824
Narrow klass base: 0x0000000000000000, Narrow klass shift: 3, Narrow klass range: 0x140000000

GC Precious Log:
 CardTable entry size: 512
 Card Set container configuration: InlinePtr #cards 5 size 8 Array Of Cards #cards 12 size 40 Howl #buckets 4 coarsen threshold 1843 Howl Bitmap #cards 512 size 80 coarsen threshold 460 Card regions per heap region 1 cards per card region 2048
 CPUs: 4 total, 4 available
 Memory: 8077M
 Large Page Support: Disabled
 NUMA Support: Disabled
 Compressed Oops: Enabled (32-bit)
 Heap Region Size: 1M
 Heap Min Capacity: 8M
 Heap Initial Capacity: 128M
 Heap Max Capacity: 2G
 Pre-touch: Disabled
 Parallel Workers: 4
 Concurrent Workers: 1
 Concurrent Refinement Workers: 4
 Periodic GC: Disabled

Heap:
 garbage-first heap   total 837632K, used 432124K [0x0000000080000000, 0x0000000100000000)
  region size 1024K, 4 young (4096K), 4 survivors (4096K)
 Metaspace       used 255679K, committed 258176K, reserved 1310720K
  class space    used 32097K, committed 33344K, reserved 1048576K

Heap Regions: E=young(eden), S=young(survivor), O=old, HS=humongous(starts), HC=humongous(continues), CS=collection set, F=free, TAMS=top-at-mark-start, PB=parsable bottom
|   0|0x0000000080000000, 0x0000000080100000, 0x0000000080100000|100%|HS|  |TAMS 0x0000000080000000| PB 0x0000000080000000| Complete 
|   1|0x0000000080100000, 0x0000000080200000, 0x0000000080200000|100%|HC|  |TAMS 0x0000000080100000| PB 0x0000000080100000| Complete 
|   2|0x0000000080200000, 0x0000000080300000, 0x0000000080300000|100%|HC|  |TAMS 0x0000000080200000| PB 0x0000000080200000| Complete 
|   3|0x0000000080300000, 0x0000000080400000, 0x0000000080400000|100%| O|  |TAMS 0x0000000080300000| PB 0x0000000080300000| Untracked 
|   4|0x0000000080400000, 0x0000000080500000, 0x0000000080500000|100%| O|  |TAMS 0x0000000080400000| PB 0x0000000080400000| Untracked 
|   5|0x0000000080500000, 0x0000000080600000, 0x0000000080600000|100%| O|  |TAMS 0x0000000080500000| PB 0x0000000080500000| Untracked 
|   6|0x0000000080600000, 0x0000000080700000, 0x0000000080700000|100%| O|  |TAMS 0x0000000080600000| PB 0x0000000080600000| Untracked 
|   7|0x0000000080700000, 0x0000000080800000, 0x0000000080800000|100%|HS|  |TAMS 0x0000000080700000| PB 0x0000000080700000| Complete 
|   8|0x0000000080800000, 0x0000000080900000, 0x0000000080900000|100%| O|  |TAMS 0x0000000080800000| PB 0x0000000080800000| Untracked 
|   9|0x0000000080900000, 0x0000000080a00000, 0x0000000080a00000|100%| O|  |TAMS 0x0000000080900000| PB 0x0000000080900000| Untracked 
|  10|0x0000000080a00000, 0x0000000080b00000, 0x0000000080b00000|100%| O|  |TAMS 0x0000000080a00000| PB 0x0000000080a00000| Untracked 
|  11|0x0000000080b00000, 0x0000000080c00000, 0x0000000080c00000|100%| O|  |TAMS 0x0000000080b00000| PB 0x0000000080b00000| Untracked 
|  12|0x0000000080c00000, 0x0000000080d00000, 0x0000000080d00000|100%| O|  |TAMS 0x0000000080c00000| PB 0x0000000080c00000| Untracked 
|  13|0x0000000080d00000, 0x0000000080e00000, 0x0000000080e00000|100%| O|  |TAMS 0x0000000080d00000| PB 0x0000000080d00000| Untracked 
|  14|0x0000000080e00000, 0x0000000080f00000, 0x0000000080f00000|100%| O|  |TAMS 0x0000000080e00000| PB 0x0000000080e00000| Untracked 
|  15|0x0000000080f00000, 0x0000000081000000, 0x0000000081000000|100%| O|  |TAMS 0x0000000080f00000| PB 0x0000000080f00000| Untracked 
|  16|0x0000000081000000, 0x0000000081100000, 0x0000000081100000|100%| O|  |TAMS 0x0000000081000000| PB 0x0000000081000000| Untracked 
|  17|0x0000000081100000, 0x0000000081200000, 0x0000000081200000|100%| O|  |TAMS 0x0000000081100000| PB 0x0000000081100000| Untracked 
|  18|0x0000000081200000, 0x0000000081300000, 0x0000000081300000|100%| O|  |TAMS 0x0000000081200000| PB 0x0000000081200000| Untracked 
|  19|0x0000000081300000, 0x0000000081400000, 0x0000000081400000|100%| O|  |TAMS 0x0000000081300000| PB 0x0000000081300000| Untracked 
|  20|0x0000000081400000, 0x0000000081500000, 0x0000000081500000|100%| O|  |TAMS 0x0000000081400000| PB 0x0000000081400000| Untracked 
|  21|0x0000000081500000, 0x0000000081600000, 0x0000000081600000|100%| O|  |TAMS 0x0000000081500000| PB 0x0000000081500000| Untracked 
|  22|0x0000000081600000, 0x0000000081700000, 0x0000000081700000|100%| O|  |TAMS 0x0000000081600000| PB 0x0000000081600000| Untracked 
|  23|0x0000000081700000, 0x0000000081800000, 0x0000000081800000|100%| O|  |TAMS 0x0000000081700000| PB 0x0000000081700000| Untracked 
|  24|0x0000000081800000, 0x0000000081900000, 0x0000000081900000|100%| O|  |TAMS 0x0000000081800000| PB 0x0000000081800000| Untracked 
|  25|0x0000000081900000, 0x0000000081a00000, 0x0000000081a00000|100%| O|  |TAMS 0x0000000081900000| PB 0x0000000081900000| Untracked 
|  26|0x0000000081a00000, 0x0000000081b00000, 0x0000000081b00000|100%| O|  |TAMS 0x0000000081a00000| PB 0x0000000081a00000| Untracked 
|  27|0x0000000081b00000, 0x0000000081c00000, 0x0000000081c00000|100%| O|  |TAMS 0x0000000081b00000| PB 0x0000000081b00000| Untracked 
|  28|0x0000000081c00000, 0x0000000081d00000, 0x0000000081d00000|100%| O|  |TAMS 0x0000000081c00000| PB 0x0000000081c00000| Untracked 
|  29|0x0000000081d00000, 0x0000000081e00000, 0x0000000081e00000|100%| O|  |TAMS 0x0000000081d00000| PB 0x0000000081d00000| Untracked 
|  30|0x0000000081e00000, 0x0000000081f00000, 0x0000000081f00000|100%| O|  |TAMS 0x0000000081e00000| PB 0x0000000081e00000| Untracked 
|  31|0x0000000081f00000, 0x0000000082000000, 0x0000000082000000|100%| O|  |TAMS 0x0000000081f00000| PB 0x0000000081f00000| Untracked 
|  32|0x0000000082000000, 0x0000000082100000, 0x0000000082100000|100%| O|  |TAMS 0x0000000082000000| PB 0x0000000082000000| Untracked 
|  33|0x0000000082100000, 0x0000000082200000, 0x0000000082200000|100%| O|  |TAMS 0x0000000082100000| PB 0x0000000082100000| Untracked 
|  34|0x0000000082200000, 0x0000000082300000, 0x0000000082300000|100%| O|  |TAMS 0x0000000082200000| PB 0x0000000082200000| Untracked 
|  35|0x0000000082300000, 0x0000000082400000, 0x0000000082400000|100%|HS|  |TAMS 0x0000000082300000| PB 0x0000000082300000| Complete 
|  36|0x0000000082400000, 0x0000000082500000, 0x0000000082500000|100%| O|  |TAMS 0x0000000082400000| PB 0x0000000082400000| Untracked 
|  37|0x0000000082500000, 0x0000000082600000, 0x0000000082600000|100%| O|  |TAMS 0x0000000082500000| PB 0x0000000082500000| Untracked 
|  38|0x0000000082600000, 0x0000000082700000, 0x0000000082700000|100%|HS|  |TAMS 0x0000000082600000| PB 0x0000000082600000| Complete 
|  39|0x0000000082700000, 0x0000000082800000, 0x0000000082800000|100%|HC|  |TAMS 0x0000000082700000| PB 0x0000000082700000| Complete 
|  40|0x0000000082800000, 0x0000000082900000, 0x0000000082900000|100%| O|  |TAMS 0x0000000082800000| PB 0x0000000082800000| Untracked 
|  41|0x0000000082900000, 0x0000000082a00000, 0x0000000082a00000|100%| O|  |TAMS 0x0000000082900000| PB 0x0000000082900000| Untracked 
|  42|0x0000000082a00000, 0x0000000082b00000, 0x0000000082b00000|100%| O|  |TAMS 0x0000000082a00000| PB 0x0000000082a00000| Untracked 
|  43|0x0000000082b00000, 0x0000000082c00000, 0x0000000082c00000|100%|HS|  |TAMS 0x0000000082b00000| PB 0x0000000082b00000| Complete 
|  44|0x0000000082c00000, 0x0000000082d00000, 0x0000000082d00000|100%| O|  |TAMS 0x0000000082c00000| PB 0x0000000082c00000| Untracked 
|  45|0x0000000082d00000, 0x0000000082e00000, 0x0000000082e00000|100%| O|  |TAMS 0x0000000082d00000| PB 0x0000000082d00000| Untracked 
|  46|0x0000000082e00000, 0x0000000082f00000, 0x0000000082f00000|100%| O|  |TAMS 0x0000000082e00000| PB 0x0000000082e00000| Untracked 
|  47|0x0000000082f00000, 0x0000000083000000, 0x0000000083000000|100%| O|  |TAMS 0x0000000082f00000| PB 0x0000000082f00000| Untracked 
|  48|0x0000000083000000, 0x0000000083100000, 0x0000000083100000|100%| O|  |TAMS 0x0000000083000000| PB 0x0000000083000000| Untracked 
|  49|0x0000000083100000, 0x0000000083200000, 0x0000000083200000|100%| O|  |TAMS 0x0000000083100000| PB 0x0000000083100000| Untracked 
|  50|0x0000000083200000, 0x0000000083300000, 0x0000000083300000|100%|HS|  |TAMS 0x0000000083200000| PB 0x0000000083200000| Complete 
|  51|0x0000000083300000, 0x0000000083400000, 0x0000000083400000|100%|HS|  |TAMS 0x0000000083300000| PB 0x0000000083300000| Complete 
|  52|0x0000000083400000, 0x0000000083500000, 0x0000000083500000|100%|HS|  |TAMS 0x0000000083400000| PB 0x0000000083400000| Complete 
|  53|0x0000000083500000, 0x0000000083600000, 0x0000000083600000|100%|HC|  |TAMS 0x0000000083500000| PB 0x0000000083500000| Complete 
|  54|0x0000000083600000, 0x0000000083700000, 0x0000000083700000|100%|HS|  |TAMS 0x0000000083600000| PB 0x0000000083600000| Complete 
|  55|0x0000000083700000, 0x0000000083800000, 0x0000000083800000|100%| O|  |TAMS 0x0000000083700000| PB 0x0000000083700000| Untracked 
|  56|0x0000000083800000, 0x0000000083900000, 0x0000000083900000|100%|HS|  |TAMS 0x0000000083800000| PB 0x0000000083800000| Complete 
|  57|0x0000000083900000, 0x0000000083a00000, 0x0000000083a00000|100%| O|  |TAMS 0x0000000083900000| PB 0x0000000083900000| Untracked 
|  58|0x0000000083a00000, 0x0000000083b00000, 0x0000000083b00000|100%| O|  |TAMS 0x0000000083a00000| PB 0x0000000083a00000| Untracked 
|  59|0x0000000083b00000, 0x0000000083c00000, 0x0000000083c00000|100%| O|  |TAMS 0x0000000083b00000| PB 0x0000000083b00000| Untracked 
|  60|0x0000000083c00000, 0x0000000083d00000, 0x0000000083d00000|100%|HS|  |TAMS 0x0000000083c00000| PB 0x0000000083c00000| Complete 
|  61|0x0000000083d00000, 0x0000000083e00000, 0x0000000083e00000|100%|HC|  |TAMS 0x0000000083d00000| PB 0x0000000083d00000| Complete 
|  62|0x0000000083e00000, 0x0000000083f00000, 0x0000000083f00000|100%|HS|  |TAMS 0x0000000083e00000| PB 0x0000000083e00000| Complete 
|  63|0x0000000083f00000, 0x0000000084000000, 0x0000000084000000|100%|HC|  |TAMS 0x0000000083f00000| PB 0x0000000083f00000| Complete 
|  64|0x0000000084000000, 0x0000000084100000, 0x0000000084100000|100%|HC|  |TAMS 0x0000000084000000| PB 0x0000000084000000| Complete 
|  65|0x0000000084100000, 0x0000000084200000, 0x0000000084200000|100%| O|  |TAMS 0x0000000084100000| PB 0x0000000084100000| Untracked 
|  66|0x0000000084200000, 0x0000000084300000, 0x0000000084300000|100%|HS|  |TAMS 0x0000000084200000| PB 0x0000000084200000| Complete 
|  67|0x0000000084300000, 0x0000000084400000, 0x0000000084400000|100%|HS|  |TAMS 0x0000000084300000| PB 0x0000000084300000| Complete 
|  68|0x0000000084400000, 0x0000000084500000, 0x0000000084500000|100%| O|  |TAMS 0x0000000084400000| PB 0x0000000084400000| Untracked 
|  69|0x0000000084500000, 0x0000000084600000, 0x0000000084600000|100%| O|  |TAMS 0x0000000084500000| PB 0x0000000084500000| Untracked 
|  70|0x0000000084600000, 0x0000000084700000, 0x0000000084700000|100%| O|  |TAMS 0x0000000084600000| PB 0x0000000084600000| Untracked 
|  71|0x0000000084700000, 0x0000000084800000, 0x0000000084800000|100%| O|  |TAMS 0x0000000084700000| PB 0x0000000084700000| Untracked 
|  72|0x0000000084800000, 0x0000000084900000, 0x0000000084900000|100%|HS|  |TAMS 0x0000000084800000| PB 0x0000000084800000| Complete 
|  73|0x0000000084900000, 0x0000000084a00000, 0x0000000084a00000|100%| O|  |TAMS 0x0000000084900000| PB 0x0000000084900000| Untracked 
|  74|0x0000000084a00000, 0x0000000084b00000, 0x0000000084b00000|100%| O|  |TAMS 0x0000000084a00000| PB 0x0000000084a00000| Untracked 
|  75|0x0000000084b00000, 0x0000000084c00000, 0x0000000084c00000|100%| O|  |TAMS 0x0000000084b00000| PB 0x0000000084b00000| Untracked 
|  76|0x0000000084c00000, 0x0000000084d00000, 0x0000000084d00000|100%| O|  |TAMS 0x0000000084c00000| PB 0x0000000084c00000| Untracked 
|  77|0x0000000084d00000, 0x0000000084e00000, 0x0000000084e00000|100%| O|  |TAMS 0x0000000084d00000| PB 0x0000000084d00000| Untracked 
|  78|0x0000000084e00000, 0x0000000084f00000, 0x0000000084f00000|100%| O|  |TAMS 0x0000000084e00000| PB 0x0000000084e00000| Untracked 
|  79|0x0000000084f00000, 0x0000000085000000, 0x0000000085000000|100%|HS|  |TAMS 0x0000000084f00000| PB 0x0000000084f00000| Complete 
|  80|0x0000000085000000, 0x0000000085100000, 0x0000000085100000|100%|HC|  |TAMS 0x0000000085000000| PB 0x0000000085000000| Complete 
|  81|0x0000000085100000, 0x0000000085200000, 0x0000000085200000|100%|HC|  |TAMS 0x0000000085100000| PB 0x0000000085100000| Complete 
|  82|0x0000000085200000, 0x0000000085300000, 0x0000000085300000|100%| O|  |TAMS 0x0000000085200000| PB 0x0000000085200000| Untracked 
|  83|0x0000000085300000, 0x0000000085400000, 0x0000000085400000|100%| O|  |TAMS 0x0000000085300000| PB 0x0000000085300000| Untracked 
|  84|0x0000000085400000, 0x0000000085500000, 0x0000000085500000|100%| O|  |TAMS 0x0000000085400000| PB 0x0000000085400000| Untracked 
|  85|0x0000000085500000, 0x0000000085600000, 0x0000000085600000|100%| O|  |TAMS 0x0000000085500000| PB 0x0000000085500000| Untracked 
|  86|0x0000000085600000, 0x0000000085700000, 0x0000000085700000|100%| O|  |TAMS 0x0000000085600000| PB 0x0000000085600000| Untracked 
|  87|0x0000000085700000, 0x0000000085800000, 0x0000000085800000|100%| O|  |TAMS 0x0000000085700000| PB 0x0000000085700000| Untracked 
|  88|0x0000000085800000, 0x0000000085900000, 0x0000000085900000|100%| O|  |TAMS 0x0000000085800000| PB 0x0000000085800000| Untracked 
|  89|0x0000000085900000, 0x0000000085a00000, 0x0000000085a00000|100%| O|  |TAMS 0x0000000085900000| PB 0x0000000085900000| Untracked 
|  90|0x0000000085a00000, 0x0000000085b00000, 0x0000000085b00000|100%| O|  |TAMS 0x0000000085a00000| PB 0x0000000085a00000| Untracked 
|  91|0x0000000085b00000, 0x0000000085c00000, 0x0000000085c00000|100%| O|  |TAMS 0x0000000085b00000| PB 0x0000000085b00000| Untracked 
|  92|0x0000000085c00000, 0x0000000085d00000, 0x0000000085d00000|100%| O|  |TAMS 0x0000000085c00000| PB 0x0000000085c00000| Untracked 
|  93|0x0000000085d00000, 0x0000000085e00000, 0x0000000085e00000|100%| O|  |TAMS 0x0000000085d00000| PB 0x0000000085d00000| Untracked 
|  94|0x0000000085e00000, 0x0000000085f00000, 0x0000000085f00000|100%| O|  |TAMS 0x0000000085e00000| PB 0x0000000085e00000| Untracked 
|  95|0x0000000085f00000, 0x0000000086000000, 0x0000000086000000|100%| O|  |TAMS 0x0000000085f00000| PB 0x0000000085f00000| Untracked 
|  96|0x0000000086000000, 0x0000000086100000, 0x0000000086100000|100%| O|  |TAMS 0x0000000086000000| PB 0x0000000086000000| Untracked 
|  97|0x0000000086100000, 0x0000000086200000, 0x0000000086200000|100%| O|  |TAMS 0x0000000086100000| PB 0x0000000086100000| Untracked 
|  98|0x0000000086200000, 0x0000000086300000, 0x0000000086300000|100%| O|  |TAMS 0x0000000086200000| PB 0x0000000086200000| Untracked 
|  99|0x0000000086300000, 0x0000000086400000, 0x0000000086400000|100%| O|  |TAMS 0x0000000086300000| PB 0x0000000086300000| Untracked 
| 100|0x0000000086400000, 0x0000000086500000, 0x0000000086500000|100%| O|  |TAMS 0x0000000086400000| PB 0x0000000086400000| Untracked 
| 101|0x0000000086500000, 0x0000000086600000, 0x0000000086600000|100%| O|  |TAMS 0x0000000086500000| PB 0x0000000086500000| Untracked 
| 102|0x0000000086600000, 0x0000000086700000, 0x0000000086700000|100%| O|  |TAMS 0x0000000086600000| PB 0x0000000086600000| Untracked 
| 103|0x0000000086700000, 0x0000000086800000, 0x0000000086800000|100%| O|  |TAMS 0x0000000086700000| PB 0x0000000086700000| Untracked 
| 104|0x0000000086800000, 0x0000000086900000, 0x0000000086900000|100%| O|  |TAMS 0x0000000086800000| PB 0x0000000086800000| Untracked 
| 105|0x0000000086900000, 0x0000000086a00000, 0x0000000086a00000|100%| O|  |TAMS 0x0000000086900000| PB 0x0000000086900000| Untracked 
| 106|0x0000000086a00000, 0x0000000086b00000, 0x0000000086b00000|100%| O|  |TAMS 0x0000000086a00000| PB 0x0000000086a00000| Untracked 
| 107|0x0000000086b00000, 0x0000000086c00000, 0x0000000086c00000|100%|HS|  |TAMS 0x0000000086b00000| PB 0x0000000086b00000| Complete 
| 108|0x0000000086c00000, 0x0000000086d00000, 0x0000000086d00000|100%| O|  |TAMS 0x0000000086c00000| PB 0x0000000086c00000| Untracked 
| 109|0x0000000086d00000, 0x0000000086e00000, 0x0000000086e00000|100%| O|  |TAMS 0x0000000086d00000| PB 0x0000000086d00000| Untracked 
| 110|0x0000000086e00000, 0x0000000086f00000, 0x0000000086f00000|100%| O|  |TAMS 0x0000000086e00000| PB 0x0000000086e00000| Untracked 
| 111|0x0000000086f00000, 0x0000000087000000, 0x0000000087000000|100%| O|  |TAMS 0x0000000086f00000| PB 0x0000000086f00000| Untracked 
| 112|0x0000000087000000, 0x0000000087100000, 0x0000000087100000|100%|HS|  |TAMS 0x0000000087000000| PB 0x0000000087000000| Complete 
| 113|0x0000000087100000, 0x0000000087200000, 0x0000000087200000|100%|HC|  |TAMS 0x0000000087100000| PB 0x0000000087100000| Complete 
| 114|0x0000000087200000, 0x0000000087300000, 0x0000000087300000|100%|HC|  |TAMS 0x0000000087200000| PB 0x0000000087200000| Complete 
| 115|0x0000000087300000, 0x0000000087400000, 0x0000000087400000|100%|HC|  |TAMS 0x0000000087300000| PB 0x0000000087300000| Complete 
| 116|0x0000000087400000, 0x0000000087500000, 0x0000000087500000|100%|HC|  |TAMS 0x0000000087400000| PB 0x0000000087400000| Complete 
| 117|0x0000000087500000, 0x0000000087600000, 0x0000000087600000|100%|HC|  |TAMS 0x0000000087500000| PB 0x0000000087500000| Complete 
| 118|0x0000000087600000, 0x0000000087700000, 0x0000000087700000|100%| O|  |TAMS 0x0000000087600000| PB 0x0000000087600000| Untracked 
| 119|0x0000000087700000, 0x0000000087800000, 0x0000000087800000|100%| O|  |TAMS 0x0000000087700000| PB 0x0000000087700000| Untracked 
| 120|0x0000000087800000, 0x0000000087900000, 0x0000000087900000|100%| O|  |TAMS 0x0000000087800000| PB 0x0000000087800000| Untracked 
| 121|0x0000000087900000, 0x0000000087a00000, 0x0000000087a00000|100%|HS|  |TAMS 0x0000000087900000| PB 0x0000000087900000| Complete 
| 122|0x0000000087a00000, 0x0000000087b00000, 0x0000000087b00000|100%|HC|  |TAMS 0x0000000087a00000| PB 0x0000000087a00000| Complete 
| 123|0x0000000087b00000, 0x0000000087c00000, 0x0000000087c00000|100%|HC|  |TAMS 0x0000000087b00000| PB 0x0000000087b00000| Complete 
| 124|0x0000000087c00000, 0x0000000087d00000, 0x0000000087d00000|100%|HC|  |TAMS 0x0000000087c00000| PB 0x0000000087c00000| Complete 
| 125|0x0000000087d00000, 0x0000000087e00000, 0x0000000087e00000|100%|HC|  |TAMS 0x0000000087d00000| PB 0x0000000087d00000| Complete 
| 126|0x0000000087e00000, 0x0000000087f00000, 0x0000000087f00000|100%|HC|  |TAMS 0x0000000087e00000| PB 0x0000000087e00000| Complete 
| 127|0x0000000087f00000, 0x0000000088000000, 0x0000000088000000|100%| O|  |TAMS 0x0000000087f00000| PB 0x0000000087f00000| Untracked 
| 128|0x0000000088000000, 0x0000000088100000, 0x0000000088100000|100%| O|  |TAMS 0x0000000088000000| PB 0x0000000088000000| Untracked 
| 129|0x0000000088100000, 0x0000000088200000, 0x0000000088200000|100%|HS|  |TAMS 0x0000000088100000| PB 0x0000000088100000| Complete 
| 130|0x0000000088200000, 0x0000000088300000, 0x0000000088300000|100%| O|  |TAMS 0x0000000088200000| PB 0x0000000088200000| Untracked 
| 131|0x0000000088300000, 0x0000000088400000, 0x0000000088400000|100%| O|  |TAMS 0x0000000088300000| PB 0x0000000088300000| Untracked 
| 132|0x0000000088400000, 0x0000000088500000, 0x0000000088500000|100%| O|  |TAMS 0x0000000088400000| PB 0x0000000088400000| Untracked 
| 133|0x0000000088500000, 0x0000000088600000, 0x0000000088600000|100%| O|  |TAMS 0x0000000088500000| PB 0x0000000088500000| Untracked 
| 134|0x0000000088600000, 0x0000000088700000, 0x0000000088700000|100%| O|  |TAMS 0x0000000088600000| PB 0x0000000088600000| Untracked 
| 135|0x0000000088700000, 0x0000000088800000, 0x0000000088800000|100%| O|  |TAMS 0x0000000088700000| PB 0x0000000088700000| Untracked 
| 136|0x0000000088800000, 0x0000000088900000, 0x0000000088900000|100%| O|  |TAMS 0x0000000088800000| PB 0x0000000088800000| Untracked 
| 137|0x0000000088900000, 0x0000000088a00000, 0x0000000088a00000|100%| O|  |TAMS 0x0000000088900000| PB 0x0000000088900000| Untracked 
| 138|0x0000000088a00000, 0x0000000088b00000, 0x0000000088b00000|100%| O|  |TAMS 0x0000000088a00000| PB 0x0000000088a00000| Untracked 
| 139|0x0000000088b00000, 0x0000000088c00000, 0x0000000088c00000|100%| O|  |TAMS 0x0000000088b00000| PB 0x0000000088b00000| Untracked 
| 140|0x0000000088c00000, 0x0000000088d00000, 0x0000000088d00000|100%| O|  |TAMS 0x0000000088c00000| PB 0x0000000088c00000| Untracked 
| 141|0x0000000088d00000, 0x0000000088e00000, 0x0000000088e00000|100%| O|  |TAMS 0x0000000088d00000| PB 0x0000000088d00000| Untracked 
| 142|0x0000000088e00000, 0x0000000088e00000, 0x0000000088f00000|  0%| F|  |TAMS 0x0000000088e00000| PB 0x0000000088e00000| Untracked 
| 143|0x0000000088f00000, 0x0000000089000000, 0x0000000089000000|100%| O|  |TAMS 0x0000000088f00000| PB 0x0000000088f00000| Untracked 
| 144|0x0000000089000000, 0x0000000089100000, 0x0000000089100000|100%| O|  |TAMS 0x0000000089000000| PB 0x0000000089000000| Untracked 
| 145|0x0000000089100000, 0x0000000089200000, 0x0000000089200000|100%| O|  |TAMS 0x0000000089100000| PB 0x0000000089100000| Untracked 
| 146|0x0000000089200000, 0x0000000089300000, 0x0000000089300000|100%| O|  |TAMS 0x0000000089200000| PB 0x0000000089200000| Untracked 
| 147|0x0000000089300000, 0x0000000089400000, 0x0000000089400000|100%| O|  |TAMS 0x0000000089300000| PB 0x0000000089300000| Untracked 
| 148|0x0000000089400000, 0x0000000089500000, 0x0000000089500000|100%| O|  |TAMS 0x0000000089400000| PB 0x0000000089400000| Untracked 
| 149|0x0000000089500000, 0x0000000089600000, 0x0000000089600000|100%| O|  |TAMS 0x0000000089500000| PB 0x0000000089500000| Untracked 
| 150|0x0000000089600000, 0x0000000089600000, 0x0000000089700000|  0%| F|  |TAMS 0x0000000089600000| PB 0x0000000089600000| Untracked 
| 151|0x0000000089700000, 0x0000000089800000, 0x0000000089800000|100%| O|  |TAMS 0x0000000089700000| PB 0x0000000089700000| Untracked 
| 152|0x0000000089800000, 0x0000000089900000, 0x0000000089900000|100%| O|  |TAMS 0x0000000089800000| PB 0x0000000089800000| Untracked 
| 153|0x0000000089900000, 0x0000000089a00000, 0x0000000089a00000|100%| O|  |TAMS 0x0000000089900000| PB 0x0000000089900000| Untracked 
| 154|0x0000000089a00000, 0x0000000089b00000, 0x0000000089b00000|100%| O|  |TAMS 0x0000000089a00000| PB 0x0000000089a00000| Untracked 
| 155|0x0000000089b00000, 0x0000000089c00000, 0x0000000089c00000|100%| O|  |TAMS 0x0000000089b00000| PB 0x0000000089b00000| Untracked 
| 156|0x0000000089c00000, 0x0000000089d00000, 0x0000000089d00000|100%| O|  |TAMS 0x0000000089c00000| PB 0x0000000089c00000| Untracked 
| 157|0x0000000089d00000, 0x0000000089e00000, 0x0000000089e00000|100%| O|  |TAMS 0x0000000089d00000| PB 0x0000000089d00000| Untracked 
| 158|0x0000000089e00000, 0x0000000089f00000, 0x0000000089f00000|100%| O|  |TAMS 0x0000000089e00000| PB 0x0000000089e00000| Untracked 
| 159|0x0000000089f00000, 0x000000008a000000, 0x000000008a000000|100%|HS|  |TAMS 0x0000000089f00000| PB 0x0000000089f00000| Complete 
| 160|0x000000008a000000, 0x000000008a100000, 0x000000008a100000|100%|HC|  |TAMS 0x000000008a000000| PB 0x000000008a000000| Complete 
| 161|0x000000008a100000, 0x000000008a200000, 0x000000008a200000|100%|HC|  |TAMS 0x000000008a100000| PB 0x000000008a100000| Complete 
| 162|0x000000008a200000, 0x000000008a300000, 0x000000008a300000|100%|HC|  |TAMS 0x000000008a200000| PB 0x000000008a200000| Complete 
| 163|0x000000008a300000, 0x000000008a400000, 0x000000008a400000|100%|HC|  |TAMS 0x000000008a300000| PB 0x000000008a300000| Complete 
| 164|0x000000008a400000, 0x000000008a500000, 0x000000008a500000|100%|HC|  |TAMS 0x000000008a400000| PB 0x000000008a400000| Complete 
| 165|0x000000008a500000, 0x000000008a600000, 0x000000008a600000|100%|HS|  |TAMS 0x000000008a500000| PB 0x000000008a500000| Complete 
| 166|0x000000008a600000, 0x000000008a700000, 0x000000008a700000|100%|HC|  |TAMS 0x000000008a600000| PB 0x000000008a600000| Complete 
| 167|0x000000008a700000, 0x000000008a800000, 0x000000008a800000|100%|HC|  |TAMS 0x000000008a700000| PB 0x000000008a700000| Complete 
| 168|0x000000008a800000, 0x000000008a900000, 0x000000008a900000|100%|HC|  |TAMS 0x000000008a800000| PB 0x000000008a800000| Complete 
| 169|0x000000008a900000, 0x000000008aa00000, 0x000000008aa00000|100%|HS|  |TAMS 0x000000008a900000| PB 0x000000008a900000| Complete 
| 170|0x000000008aa00000, 0x000000008ab00000, 0x000000008ab00000|100%|HC|  |TAMS 0x000000008aa00000| PB 0x000000008aa00000| Complete 
| 171|0x000000008ab00000, 0x000000008ac00000, 0x000000008ac00000|100%|HS|  |TAMS 0x000000008ab00000| PB 0x000000008ab00000| Complete 
| 172|0x000000008ac00000, 0x000000008ad00000, 0x000000008ad00000|100%|HC|  |TAMS 0x000000008ac00000| PB 0x000000008ac00000| Complete 
| 173|0x000000008ad00000, 0x000000008ae00000, 0x000000008ae00000|100%|HC|  |TAMS 0x000000008ad00000| PB 0x000000008ad00000| Complete 
| 174|0x000000008ae00000, 0x000000008af00000, 0x000000008af00000|100%|HC|  |TAMS 0x000000008ae00000| PB 0x000000008ae00000| Complete 
| 175|0x000000008af00000, 0x000000008b000000, 0x000000008b000000|100%|HC|  |TAMS 0x000000008af00000| PB 0x000000008af00000| Complete 
| 176|0x000000008b000000, 0x000000008b100000, 0x000000008b100000|100%|HC|  |TAMS 0x000000008b000000| PB 0x000000008b000000| Complete 
| 177|0x000000008b100000, 0x000000008b200000, 0x000000008b200000|100%|HS|  |TAMS 0x000000008b100000| PB 0x000000008b100000| Complete 
| 178|0x000000008b200000, 0x000000008b300000, 0x000000008b300000|100%|HS|  |TAMS 0x000000008b200000| PB 0x000000008b200000| Complete 
| 179|0x000000008b300000, 0x000000008b400000, 0x000000008b400000|100%|HC|  |TAMS 0x000000008b300000| PB 0x000000008b300000| Complete 
| 180|0x000000008b400000, 0x000000008b500000, 0x000000008b500000|100%|HC|  |TAMS 0x000000008b400000| PB 0x000000008b400000| Complete 
| 181|0x000000008b500000, 0x000000008b600000, 0x000000008b600000|100%|HC|  |TAMS 0x000000008b500000| PB 0x000000008b500000| Complete 
| 182|0x000000008b600000, 0x000000008b700000, 0x000000008b700000|100%|HS|  |TAMS 0x000000008b600000| PB 0x000000008b600000| Complete 
| 183|0x000000008b700000, 0x000000008b800000, 0x000000008b800000|100%|HC|  |TAMS 0x000000008b700000| PB 0x000000008b700000| Complete 
| 184|0x000000008b800000, 0x000000008b900000, 0x000000008b900000|100%|HS|  |TAMS 0x000000008b800000| PB 0x000000008b800000| Complete 
| 185|0x000000008b900000, 0x000000008ba00000, 0x000000008ba00000|100%| O|  |TAMS 0x000000008b900000| PB 0x000000008b900000| Untracked 
| 186|0x000000008ba00000, 0x000000008bb00000, 0x000000008bb00000|100%| O|  |TAMS 0x000000008ba00000| PB 0x000000008ba00000| Untracked 
| 187|0x000000008bb00000, 0x000000008bc00000, 0x000000008bc00000|100%|HS|  |TAMS 0x000000008bb00000| PB 0x000000008bb00000| Complete 
| 188|0x000000008bc00000, 0x000000008bd00000, 0x000000008bd00000|100%|HC|  |TAMS 0x000000008bc00000| PB 0x000000008bc00000| Complete 
| 189|0x000000008bd00000, 0x000000008be00000, 0x000000008be00000|100%| O|  |TAMS 0x000000008bd00000| PB 0x000000008bd00000| Untracked 
| 190|0x000000008be00000, 0x000000008bf00000, 0x000000008bf00000|100%| O|  |TAMS 0x000000008be00000| PB 0x000000008be00000| Untracked 
| 191|0x000000008bf00000, 0x000000008c000000, 0x000000008c000000|100%| O|  |TAMS 0x000000008bf00000| PB 0x000000008bf00000| Untracked 
| 192|0x000000008c000000, 0x000000008c100000, 0x000000008c100000|100%| O|  |TAMS 0x000000008c000000| PB 0x000000008c000000| Untracked 
| 193|0x000000008c100000, 0x000000008c200000, 0x000000008c200000|100%| O|  |TAMS 0x000000008c100000| PB 0x000000008c100000| Untracked 
| 194|0x000000008c200000, 0x000000008c300000, 0x000000008c300000|100%| O|  |TAMS 0x000000008c200000| PB 0x000000008c200000| Untracked 
| 195|0x000000008c300000, 0x000000008c400000, 0x000000008c400000|100%| O|  |TAMS 0x000000008c300000| PB 0x000000008c300000| Untracked 
| 196|0x000000008c400000, 0x000000008c500000, 0x000000008c500000|100%| O|  |TAMS 0x000000008c400000| PB 0x000000008c400000| Untracked 
| 197|0x000000008c500000, 0x000000008c600000, 0x000000008c600000|100%| O|  |TAMS 0x000000008c500000| PB 0x000000008c500000| Untracked 
| 198|0x000000008c600000, 0x000000008c700000, 0x000000008c700000|100%| O|  |TAMS 0x000000008c600000| PB 0x000000008c600000| Untracked 
| 199|0x000000008c700000, 0x000000008c800000, 0x000000008c800000|100%| O|  |TAMS 0x000000008c700000| PB 0x000000008c700000| Untracked 
| 200|0x000000008c800000, 0x000000008c900000, 0x000000008c900000|100%| O|  |TAMS 0x000000008c800000| PB 0x000000008c800000| Untracked 
| 201|0x000000008c900000, 0x000000008ca00000, 0x000000008ca00000|100%| O|  |TAMS 0x000000008c900000| PB 0x000000008c900000| Untracked 
| 202|0x000000008ca00000, 0x000000008cb00000, 0x000000008cb00000|100%| O|  |TAMS 0x000000008ca00000| PB 0x000000008ca00000| Untracked 
| 203|0x000000008cb00000, 0x000000008cc00000, 0x000000008cc00000|100%| O|  |TAMS 0x000000008cb00000| PB 0x000000008cb00000| Untracked 
| 204|0x000000008cc00000, 0x000000008cd00000, 0x000000008cd00000|100%| O|  |TAMS 0x000000008cc00000| PB 0x000000008cc00000| Untracked 
| 205|0x000000008cd00000, 0x000000008ce00000, 0x000000008ce00000|100%| O|  |TAMS 0x000000008cd00000| PB 0x000000008cd00000| Untracked 
| 206|0x000000008ce00000, 0x000000008cf00000, 0x000000008cf00000|100%| O|  |TAMS 0x000000008ce00000| PB 0x000000008ce00000| Untracked 
| 207|0x000000008cf00000, 0x000000008d000000, 0x000000008d000000|100%| O|  |TAMS 0x000000008cf00000| PB 0x000000008cf00000| Untracked 
| 208|0x000000008d000000, 0x000000008d100000, 0x000000008d100000|100%| O|  |TAMS 0x000000008d000000| PB 0x000000008d000000| Untracked 
| 209|0x000000008d100000, 0x000000008d200000, 0x000000008d200000|100%| O|  |TAMS 0x000000008d100000| PB 0x000000008d100000| Untracked 
| 210|0x000000008d200000, 0x000000008d300000, 0x000000008d300000|100%| O|  |TAMS 0x000000008d200000| PB 0x000000008d200000| Untracked 
| 211|0x000000008d300000, 0x000000008d400000, 0x000000008d400000|100%| O|  |TAMS 0x000000008d300000| PB 0x000000008d300000| Untracked 
| 212|0x000000008d400000, 0x000000008d500000, 0x000000008d500000|100%| O|  |TAMS 0x000000008d400000| PB 0x000000008d400000| Untracked 
| 213|0x000000008d500000, 0x000000008d600000, 0x000000008d600000|100%| O|  |TAMS 0x000000008d500000| PB 0x000000008d500000| Untracked 
| 214|0x000000008d600000, 0x000000008d700000, 0x000000008d700000|100%| O|  |TAMS 0x000000008d600000| PB 0x000000008d600000| Untracked 
| 215|0x000000008d700000, 0x000000008d800000, 0x000000008d800000|100%| O|  |TAMS 0x000000008d700000| PB 0x000000008d700000| Untracked 
| 216|0x000000008d800000, 0x000000008d900000, 0x000000008d900000|100%| O|  |TAMS 0x000000008d800000| PB 0x000000008d800000| Untracked 
| 217|0x000000008d900000, 0x000000008da00000, 0x000000008da00000|100%| O|  |TAMS 0x000000008d900000| PB 0x000000008d900000| Untracked 
| 218|0x000000008da00000, 0x000000008db00000, 0x000000008db00000|100%| O|  |TAMS 0x000000008da00000| PB 0x000000008da00000| Untracked 
| 219|0x000000008db00000, 0x000000008dc00000, 0x000000008dc00000|100%| O|  |TAMS 0x000000008db00000| PB 0x000000008db00000| Untracked 
| 220|0x000000008dc00000, 0x000000008dd00000, 0x000000008dd00000|100%| O|  |TAMS 0x000000008dc00000| PB 0x000000008dc00000| Untracked 
| 221|0x000000008dd00000, 0x000000008de00000, 0x000000008de00000|100%| O|  |TAMS 0x000000008dd00000| PB 0x000000008dd00000| Untracked 
| 222|0x000000008de00000, 0x000000008df00000, 0x000000008df00000|100%| O|  |TAMS 0x000000008de00000| PB 0x000000008de00000| Untracked 
| 223|0x000000008df00000, 0x000000008e000000, 0x000000008e000000|100%| O|  |TAMS 0x000000008df00000| PB 0x000000008df00000| Untracked 
| 224|0x000000008e000000, 0x000000008e100000, 0x000000008e100000|100%| O|  |TAMS 0x000000008e000000| PB 0x000000008e000000| Untracked 
| 225|0x000000008e100000, 0x000000008e200000, 0x000000008e200000|100%| O|  |TAMS 0x000000008e100000| PB 0x000000008e100000| Untracked 
| 226|0x000000008e200000, 0x000000008e300000, 0x000000008e300000|100%| O|  |TAMS 0x000000008e200000| PB 0x000000008e200000| Untracked 
| 227|0x000000008e300000, 0x000000008e400000, 0x000000008e400000|100%| O|  |TAMS 0x000000008e300000| PB 0x000000008e300000| Untracked 
| 228|0x000000008e400000, 0x000000008e500000, 0x000000008e500000|100%| O|  |TAMS 0x000000008e400000| PB 0x000000008e400000| Untracked 
| 229|0x000000008e500000, 0x000000008e600000, 0x000000008e600000|100%| O|  |TAMS 0x000000008e500000| PB 0x000000008e500000| Untracked 
| 230|0x000000008e600000, 0x000000008e700000, 0x000000008e700000|100%| O|  |TAMS 0x000000008e600000| PB 0x000000008e600000| Untracked 
| 231|0x000000008e700000, 0x000000008e800000, 0x000000008e800000|100%| O|  |TAMS 0x000000008e700000| PB 0x000000008e700000| Untracked 
| 232|0x000000008e800000, 0x000000008e900000, 0x000000008e900000|100%| O|  |TAMS 0x000000008e800000| PB 0x000000008e800000| Untracked 
| 233|0x000000008e900000, 0x000000008ea00000, 0x000000008ea00000|100%| O|  |TAMS 0x000000008e900000| PB 0x000000008e900000| Untracked 
| 234|0x000000008ea00000, 0x000000008eb00000, 0x000000008eb00000|100%| O|  |TAMS 0x000000008ea00000| PB 0x000000008ea00000| Untracked 
| 235|0x000000008eb00000, 0x000000008ec00000, 0x000000008ec00000|100%| O|  |TAMS 0x000000008eb00000| PB 0x000000008eb00000| Untracked 
| 236|0x000000008ec00000, 0x000000008ed00000, 0x000000008ed00000|100%| O|  |TAMS 0x000000008ec00000| PB 0x000000008ec00000| Untracked 
| 237|0x000000008ed00000, 0x000000008ee00000, 0x000000008ee00000|100%| O|  |TAMS 0x000000008ed00000| PB 0x000000008ed00000| Untracked 
| 238|0x000000008ee00000, 0x000000008ef00000, 0x000000008ef00000|100%| O|  |TAMS 0x000000008ee00000| PB 0x000000008ee00000| Untracked 
| 239|0x000000008ef00000, 0x000000008f000000, 0x000000008f000000|100%| O|  |TAMS 0x000000008ef00000| PB 0x000000008ef00000| Untracked 
| 240|0x000000008f000000, 0x000000008f100000, 0x000000008f100000|100%| O|  |TAMS 0x000000008f000000| PB 0x000000008f000000| Untracked 
| 241|0x000000008f100000, 0x000000008f200000, 0x000000008f200000|100%| O|  |TAMS 0x000000008f100000| PB 0x000000008f100000| Untracked 
| 242|0x000000008f200000, 0x000000008f300000, 0x000000008f300000|100%| O|  |TAMS 0x000000008f200000| PB 0x000000008f200000| Untracked 
| 243|0x000000008f300000, 0x000000008f400000, 0x000000008f400000|100%| O|  |TAMS 0x000000008f300000| PB 0x000000008f300000| Untracked 
| 244|0x000000008f400000, 0x000000008f500000, 0x000000008f500000|100%| O|  |TAMS 0x000000008f400000| PB 0x000000008f400000| Untracked 
| 245|0x000000008f500000, 0x000000008f600000, 0x000000008f600000|100%| O|  |TAMS 0x000000008f500000| PB 0x000000008f500000| Untracked 
| 246|0x000000008f600000, 0x000000008f700000, 0x000000008f700000|100%| O|  |TAMS 0x000000008f600000| PB 0x000000008f600000| Untracked 
| 247|0x000000008f700000, 0x000000008f800000, 0x000000008f800000|100%| O|  |TAMS 0x000000008f700000| PB 0x000000008f700000| Untracked 
| 248|0x000000008f800000, 0x000000008f900000, 0x000000008f900000|100%| O|  |TAMS 0x000000008f800000| PB 0x000000008f800000| Untracked 
| 249|0x000000008f900000, 0x000000008fa00000, 0x000000008fa00000|100%| O|  |TAMS 0x000000008f900000| PB 0x000000008f900000| Untracked 
| 250|0x000000008fa00000, 0x000000008fb00000, 0x000000008fb00000|100%| O|  |TAMS 0x000000008fa00000| PB 0x000000008fa00000| Untracked 
| 251|0x000000008fb00000, 0x000000008fc00000, 0x000000008fc00000|100%| O|  |TAMS 0x000000008fb00000| PB 0x000000008fb00000| Untracked 
| 252|0x000000008fc00000, 0x000000008fd00000, 0x000000008fd00000|100%| O|  |TAMS 0x000000008fc00000| PB 0x000000008fc00000| Untracked 
| 253|0x000000008fd00000, 0x000000008fe00000, 0x000000008fe00000|100%| O|  |TAMS 0x000000008fd00000| PB 0x000000008fd00000| Untracked 
| 254|0x000000008fe00000, 0x000000008ff00000, 0x000000008ff00000|100%| O|  |TAMS 0x000000008fe00000| PB 0x000000008fe00000| Untracked 
| 255|0x000000008ff00000, 0x0000000090000000, 0x0000000090000000|100%| O|  |TAMS 0x000000008ff00000| PB 0x000000008ff00000| Untracked 
| 256|0x0000000090000000, 0x0000000090100000, 0x0000000090100000|100%| O|  |TAMS 0x0000000090000000| PB 0x0000000090000000| Untracked 
| 257|0x0000000090100000, 0x0000000090200000, 0x0000000090200000|100%| O|  |TAMS 0x0000000090100000| PB 0x0000000090100000| Untracked 
| 258|0x0000000090200000, 0x0000000090300000, 0x0000000090300000|100%| O|  |TAMS 0x0000000090200000| PB 0x0000000090200000| Untracked 
| 259|0x0000000090300000, 0x0000000090400000, 0x0000000090400000|100%| O|  |TAMS 0x0000000090300000| PB 0x0000000090300000| Untracked 
| 260|0x0000000090400000, 0x0000000090500000, 0x0000000090500000|100%| O|  |TAMS 0x0000000090400000| PB 0x0000000090400000| Untracked 
| 261|0x0000000090500000, 0x0000000090600000, 0x0000000090600000|100%| O|  |TAMS 0x0000000090500000| PB 0x0000000090500000| Untracked 
| 262|0x0000000090600000, 0x0000000090700000, 0x0000000090700000|100%| O|  |TAMS 0x0000000090600000| PB 0x0000000090600000| Untracked 
| 263|0x0000000090700000, 0x0000000090800000, 0x0000000090800000|100%| O|  |TAMS 0x0000000090700000| PB 0x0000000090700000| Untracked 
| 264|0x0000000090800000, 0x0000000090900000, 0x0000000090900000|100%| O|  |TAMS 0x0000000090800000| PB 0x0000000090800000| Untracked 
| 265|0x0000000090900000, 0x0000000090a00000, 0x0000000090a00000|100%| O|  |TAMS 0x0000000090900000| PB 0x0000000090900000| Untracked 
| 266|0x0000000090a00000, 0x0000000090b00000, 0x0000000090b00000|100%| O|  |TAMS 0x0000000090a00000| PB 0x0000000090a00000| Untracked 
| 267|0x0000000090b00000, 0x0000000090c00000, 0x0000000090c00000|100%| O|  |TAMS 0x0000000090b00000| PB 0x0000000090b00000| Untracked 
| 268|0x0000000090c00000, 0x0000000090d00000, 0x0000000090d00000|100%| O|  |TAMS 0x0000000090c00000| PB 0x0000000090c00000| Untracked 
| 269|0x0000000090d00000, 0x0000000090e00000, 0x0000000090e00000|100%| O|  |TAMS 0x0000000090d00000| PB 0x0000000090d00000| Untracked 
| 270|0x0000000090e00000, 0x0000000090f00000, 0x0000000090f00000|100%| O|  |TAMS 0x0000000090e00000| PB 0x0000000090e00000| Untracked 
| 271|0x0000000090f00000, 0x0000000091000000, 0x0000000091000000|100%| O|  |TAMS 0x0000000090f00000| PB 0x0000000090f00000| Untracked 
| 272|0x0000000091000000, 0x0000000091100000, 0x0000000091100000|100%| O|  |TAMS 0x0000000091000000| PB 0x0000000091000000| Untracked 
| 273|0x0000000091100000, 0x0000000091200000, 0x0000000091200000|100%| O|  |TAMS 0x0000000091100000| PB 0x0000000091100000| Untracked 
| 274|0x0000000091200000, 0x0000000091300000, 0x0000000091300000|100%| O|  |TAMS 0x0000000091200000| PB 0x0000000091200000| Untracked 
| 275|0x0000000091300000, 0x0000000091400000, 0x0000000091400000|100%| O|  |TAMS 0x0000000091300000| PB 0x0000000091300000| Untracked 
| 276|0x0000000091400000, 0x0000000091500000, 0x0000000091500000|100%| O|  |TAMS 0x0000000091400000| PB 0x0000000091400000| Untracked 
| 277|0x0000000091500000, 0x0000000091600000, 0x0000000091600000|100%| O|  |TAMS 0x0000000091500000| PB 0x0000000091500000| Untracked 
| 278|0x0000000091600000, 0x0000000091700000, 0x0000000091700000|100%| O|  |TAMS 0x0000000091600000| PB 0x0000000091600000| Untracked 
| 279|0x0000000091700000, 0x0000000091800000, 0x0000000091800000|100%| O|  |TAMS 0x0000000091700000| PB 0x0000000091700000| Untracked 
| 280|0x0000000091800000, 0x0000000091900000, 0x0000000091900000|100%| O|  |TAMS 0x0000000091800000| PB 0x0000000091800000| Untracked 
| 281|0x0000000091900000, 0x0000000091a00000, 0x0000000091a00000|100%| O|  |TAMS 0x0000000091900000| PB 0x0000000091900000| Untracked 
| 282|0x0000000091a00000, 0x0000000091b00000, 0x0000000091b00000|100%| O|  |TAMS 0x0000000091a00000| PB 0x0000000091a00000| Untracked 
| 283|0x0000000091b00000, 0x0000000091c00000, 0x0000000091c00000|100%| O|  |TAMS 0x0000000091b00000| PB 0x0000000091b00000| Untracked 
| 284|0x0000000091c00000, 0x0000000091d00000, 0x0000000091d00000|100%| O|  |TAMS 0x0000000091c00000| PB 0x0000000091c00000| Untracked 
| 285|0x0000000091d00000, 0x0000000091e00000, 0x0000000091e00000|100%| O|  |TAMS 0x0000000091d00000| PB 0x0000000091d00000| Untracked 
| 286|0x0000000091e00000, 0x0000000091f00000, 0x0000000091f00000|100%| O|  |TAMS 0x0000000091e00000| PB 0x0000000091e00000| Untracked 
| 287|0x0000000091f00000, 0x0000000092000000, 0x0000000092000000|100%| O|  |TAMS 0x0000000091f00000| PB 0x0000000091f00000| Untracked 
| 288|0x0000000092000000, 0x0000000092100000, 0x0000000092100000|100%| O|  |TAMS 0x0000000092000000| PB 0x0000000092000000| Untracked 
| 289|0x0000000092100000, 0x0000000092200000, 0x0000000092200000|100%| O|  |TAMS 0x0000000092100000| PB 0x0000000092100000| Untracked 
| 290|0x0000000092200000, 0x0000000092300000, 0x0000000092300000|100%| O|  |TAMS 0x0000000092200000| PB 0x0000000092200000| Untracked 
| 291|0x0000000092300000, 0x0000000092400000, 0x0000000092400000|100%| O|  |TAMS 0x0000000092300000| PB 0x0000000092300000| Untracked 
| 292|0x0000000092400000, 0x0000000092500000, 0x0000000092500000|100%| O|  |TAMS 0x0000000092400000| PB 0x0000000092400000| Untracked 
| 293|0x0000000092500000, 0x0000000092600000, 0x0000000092600000|100%| O|  |TAMS 0x0000000092500000| PB 0x0000000092500000| Untracked 
| 294|0x0000000092600000, 0x0000000092700000, 0x0000000092700000|100%| O|  |TAMS 0x0000000092600000| PB 0x0000000092600000| Untracked 
| 295|0x0000000092700000, 0x0000000092800000, 0x0000000092800000|100%| O|  |TAMS 0x0000000092700000| PB 0x0000000092700000| Untracked 
| 296|0x0000000092800000, 0x0000000092900000, 0x0000000092900000|100%| O|  |TAMS 0x0000000092800000| PB 0x0000000092800000| Untracked 
| 297|0x0000000092900000, 0x0000000092a00000, 0x0000000092a00000|100%| O|  |TAMS 0x0000000092900000| PB 0x0000000092900000| Untracked 
| 298|0x0000000092a00000, 0x0000000092b00000, 0x0000000092b00000|100%| O|  |TAMS 0x0000000092a00000| PB 0x0000000092a00000| Untracked 
| 299|0x0000000092b00000, 0x0000000092c00000, 0x0000000092c00000|100%| O|  |TAMS 0x0000000092b00000| PB 0x0000000092b00000| Untracked 
| 300|0x0000000092c00000, 0x0000000092d00000, 0x0000000092d00000|100%| O|  |TAMS 0x0000000092c00000| PB 0x0000000092c00000| Untracked 
| 301|0x0000000092d00000, 0x0000000092e00000, 0x0000000092e00000|100%| O|  |TAMS 0x0000000092d00000| PB 0x0000000092d00000| Untracked 
| 302|0x0000000092e00000, 0x0000000092f00000, 0x0000000092f00000|100%| O|  |TAMS 0x0000000092e00000| PB 0x0000000092e00000| Untracked 
| 303|0x0000000092f00000, 0x0000000093000000, 0x0000000093000000|100%| O|  |TAMS 0x0000000092f00000| PB 0x0000000092f00000| Untracked 
| 304|0x0000000093000000, 0x0000000093100000, 0x0000000093100000|100%| O|  |TAMS 0x0000000093000000| PB 0x0000000093000000| Untracked 
| 305|0x0000000093100000, 0x0000000093200000, 0x0000000093200000|100%| O|  |TAMS 0x0000000093100000| PB 0x0000000093100000| Untracked 
| 306|0x0000000093200000, 0x0000000093300000, 0x0000000093300000|100%| O|  |TAMS 0x0000000093200000| PB 0x0000000093200000| Untracked 
| 307|0x0000000093300000, 0x0000000093400000, 0x0000000093400000|100%| O|  |TAMS 0x0000000093300000| PB 0x0000000093300000| Untracked 
| 308|0x0000000093400000, 0x0000000093500000, 0x0000000093500000|100%| O|  |TAMS 0x0000000093400000| PB 0x0000000093400000| Untracked 
| 309|0x0000000093500000, 0x0000000093600000, 0x0000000093600000|100%| O|  |TAMS 0x0000000093500000| PB 0x0000000093500000| Untracked 
| 310|0x0000000093600000, 0x0000000093700000, 0x0000000093700000|100%| O|  |TAMS 0x0000000093600000| PB 0x0000000093600000| Untracked 
| 311|0x0000000093700000, 0x0000000093800000, 0x0000000093800000|100%| O|  |TAMS 0x0000000093700000| PB 0x0000000093700000| Untracked 
| 312|0x0000000093800000, 0x0000000093900000, 0x0000000093900000|100%| O|  |TAMS 0x0000000093800000| PB 0x0000000093800000| Untracked 
| 313|0x0000000093900000, 0x0000000093a00000, 0x0000000093a00000|100%| O|  |TAMS 0x0000000093900000| PB 0x0000000093900000| Untracked 
| 314|0x0000000093a00000, 0x0000000093b00000, 0x0000000093b00000|100%| O|  |TAMS 0x0000000093a00000| PB 0x0000000093a00000| Untracked 
| 315|0x0000000093b00000, 0x0000000093c00000, 0x0000000093c00000|100%| O|  |TAMS 0x0000000093b00000| PB 0x0000000093b00000| Untracked 
| 316|0x0000000093c00000, 0x0000000093d00000, 0x0000000093d00000|100%| O|  |TAMS 0x0000000093c00000| PB 0x0000000093c00000| Untracked 
| 317|0x0000000093d00000, 0x0000000093e00000, 0x0000000093e00000|100%| O|  |TAMS 0x0000000093d00000| PB 0x0000000093d00000| Untracked 
| 318|0x0000000093e00000, 0x0000000093f00000, 0x0000000093f00000|100%| O|  |TAMS 0x0000000093e00000| PB 0x0000000093e00000| Untracked 
| 319|0x0000000093f00000, 0x0000000094000000, 0x0000000094000000|100%| O|  |TAMS 0x0000000093f00000| PB 0x0000000093f00000| Untracked 
| 320|0x0000000094000000, 0x0000000094100000, 0x0000000094100000|100%| O|  |TAMS 0x0000000094000000| PB 0x0000000094000000| Untracked 
| 321|0x0000000094100000, 0x0000000094200000, 0x0000000094200000|100%| O|  |TAMS 0x0000000094100000| PB 0x0000000094100000| Untracked 
| 322|0x0000000094200000, 0x0000000094300000, 0x0000000094300000|100%| O|  |TAMS 0x0000000094200000| PB 0x0000000094200000| Untracked 
| 323|0x0000000094300000, 0x0000000094400000, 0x0000000094400000|100%| O|  |TAMS 0x0000000094300000| PB 0x0000000094300000| Untracked 
| 324|0x0000000094400000, 0x0000000094500000, 0x0000000094500000|100%| O|  |TAMS 0x0000000094400000| PB 0x0000000094400000| Untracked 
| 325|0x0000000094500000, 0x0000000094600000, 0x0000000094600000|100%| O|  |TAMS 0x0000000094500000| PB 0x0000000094500000| Untracked 
| 326|0x0000000094600000, 0x0000000094700000, 0x0000000094700000|100%| O|  |TAMS 0x0000000094600000| PB 0x0000000094600000| Untracked 
| 327|0x0000000094700000, 0x0000000094800000, 0x0000000094800000|100%| O|  |TAMS 0x0000000094700000| PB 0x0000000094700000| Untracked 
| 328|0x0000000094800000, 0x0000000094900000, 0x0000000094900000|100%| O|  |TAMS 0x0000000094800000| PB 0x0000000094800000| Untracked 
| 329|0x0000000094900000, 0x0000000094980000, 0x0000000094a00000| 50%| O|  |TAMS 0x0000000094900000| PB 0x0000000094900000| Untracked 
| 330|0x0000000094a00000, 0x0000000094a00000, 0x0000000094b00000|  0%| F|  |TAMS 0x0000000094a00000| PB 0x0000000094a00000| Untracked 
| 331|0x0000000094b00000, 0x0000000094b00000, 0x0000000094c00000|  0%| F|  |TAMS 0x0000000094b00000| PB 0x0000000094b00000| Untracked 
| 332|0x0000000094c00000, 0x0000000094c00000, 0x0000000094d00000|  0%| F|  |TAMS 0x0000000094c00000| PB 0x0000000094c00000| Untracked 
| 333|0x0000000094d00000, 0x0000000094d00000, 0x0000000094e00000|  0%| F|  |TAMS 0x0000000094d00000| PB 0x0000000094d00000| Untracked 
| 334|0x0000000094e00000, 0x0000000094e00000, 0x0000000094f00000|  0%| F|  |TAMS 0x0000000094e00000| PB 0x0000000094e00000| Untracked 
| 335|0x0000000094f00000, 0x0000000094f00000, 0x0000000095000000|  0%| F|  |TAMS 0x0000000094f00000| PB 0x0000000094f00000| Untracked 
| 336|0x0000000095000000, 0x0000000095000000, 0x0000000095100000|  0%| F|  |TAMS 0x0000000095000000| PB 0x0000000095000000| Untracked 
| 337|0x0000000095100000, 0x0000000095200000, 0x0000000095200000|100%| O|  |TAMS 0x0000000095100000| PB 0x0000000095100000| Untracked 
| 338|0x0000000095200000, 0x0000000095300000, 0x0000000095300000|100%| O|  |TAMS 0x0000000095200000| PB 0x0000000095200000| Untracked 
| 339|0x0000000095300000, 0x0000000095400000, 0x0000000095400000|100%| O|  |TAMS 0x0000000095300000| PB 0x0000000095300000| Untracked 
| 340|0x0000000095400000, 0x0000000095500000, 0x0000000095500000|100%| O|  |TAMS 0x0000000095400000| PB 0x0000000095400000| Untracked 
| 341|0x0000000095500000, 0x0000000095600000, 0x0000000095600000|100%| O|  |TAMS 0x0000000095500000| PB 0x0000000095500000| Untracked 
| 342|0x0000000095600000, 0x0000000095700000, 0x0000000095700000|100%| O|  |TAMS 0x0000000095600000| PB 0x0000000095600000| Untracked 
| 343|0x0000000095700000, 0x0000000095800000, 0x0000000095800000|100%| O|  |TAMS 0x0000000095700000| PB 0x0000000095700000| Untracked 
| 344|0x0000000095800000, 0x0000000095900000, 0x0000000095900000|100%| O|  |TAMS 0x0000000095800000| PB 0x0000000095800000| Untracked 
| 345|0x0000000095900000, 0x0000000095a00000, 0x0000000095a00000|100%| O|  |TAMS 0x0000000095900000| PB 0x0000000095900000| Untracked 
| 346|0x0000000095a00000, 0x0000000095b00000, 0x0000000095b00000|100%| O|  |TAMS 0x0000000095a00000| PB 0x0000000095a00000| Untracked 
| 347|0x0000000095b00000, 0x0000000095c00000, 0x0000000095c00000|100%| O|  |TAMS 0x0000000095b00000| PB 0x0000000095b00000| Untracked 
| 348|0x0000000095c00000, 0x0000000095d00000, 0x0000000095d00000|100%| O|  |TAMS 0x0000000095c00000| PB 0x0000000095c00000| Untracked 
| 349|0x0000000095d00000, 0x0000000095e00000, 0x0000000095e00000|100%| O|  |TAMS 0x0000000095d00000| PB 0x0000000095d00000| Untracked 
| 350|0x0000000095e00000, 0x0000000095f00000, 0x0000000095f00000|100%| O|  |TAMS 0x0000000095e00000| PB 0x0000000095e00000| Untracked 
| 351|0x0000000095f00000, 0x0000000096000000, 0x0000000096000000|100%| O|  |TAMS 0x0000000095f00000| PB 0x0000000095f00000| Untracked 
| 352|0x0000000096000000, 0x0000000096100000, 0x0000000096100000|100%| O|  |TAMS 0x0000000096000000| PB 0x0000000096000000| Untracked 
| 353|0x0000000096100000, 0x0000000096200000, 0x0000000096200000|100%| O|  |TAMS 0x0000000096100000| PB 0x0000000096100000| Untracked 
| 354|0x0000000096200000, 0x0000000096300000, 0x0000000096300000|100%| O|  |TAMS 0x0000000096200000| PB 0x0000000096200000| Untracked 
| 355|0x0000000096300000, 0x0000000096400000, 0x0000000096400000|100%| O|  |TAMS 0x0000000096300000| PB 0x0000000096300000| Untracked 
| 356|0x0000000096400000, 0x0000000096500000, 0x0000000096500000|100%| O|  |TAMS 0x0000000096400000| PB 0x0000000096400000| Untracked 
| 357|0x0000000096500000, 0x0000000096600000, 0x0000000096600000|100%| O|  |TAMS 0x0000000096500000| PB 0x0000000096500000| Untracked 
| 358|0x0000000096600000, 0x0000000096700000, 0x0000000096700000|100%| O|  |TAMS 0x0000000096600000| PB 0x0000000096600000| Untracked 
| 359|0x0000000096700000, 0x0000000096800000, 0x0000000096800000|100%| O|  |TAMS 0x0000000096700000| PB 0x0000000096700000| Untracked 
| 360|0x0000000096800000, 0x0000000096900000, 0x0000000096900000|100%| O|  |TAMS 0x0000000096800000| PB 0x0000000096800000| Untracked 
| 361|0x0000000096900000, 0x0000000096a00000, 0x0000000096a00000|100%| O|  |TAMS 0x0000000096900000| PB 0x0000000096900000| Untracked 
| 362|0x0000000096a00000, 0x0000000096b00000, 0x0000000096b00000|100%| O|  |TAMS 0x0000000096a00000| PB 0x0000000096a00000| Untracked 
| 363|0x0000000096b00000, 0x0000000096c00000, 0x0000000096c00000|100%| O|  |TAMS 0x0000000096b00000| PB 0x0000000096b00000| Untracked 
| 364|0x0000000096c00000, 0x0000000096d00000, 0x0000000096d00000|100%| O|  |TAMS 0x0000000096c00000| PB 0x0000000096c00000| Untracked 
| 365|0x0000000096d00000, 0x0000000096e00000, 0x0000000096e00000|100%| O|  |TAMS 0x0000000096d00000| PB 0x0000000096d00000| Untracked 
| 366|0x0000000096e00000, 0x0000000096f00000, 0x0000000096f00000|100%| O|  |TAMS 0x0000000096e00000| PB 0x0000000096e00000| Untracked 
| 367|0x0000000096f00000, 0x0000000096f00000, 0x0000000097000000|  0%| F|  |TAMS 0x0000000096f00000| PB 0x0000000096f00000| Untracked 
| 368|0x0000000097000000, 0x0000000097000000, 0x0000000097100000|  0%| F|  |TAMS 0x0000000097000000| PB 0x0000000097000000| Untracked 
| 369|0x0000000097100000, 0x0000000097100000, 0x0000000097200000|  0%| F|  |TAMS 0x0000000097100000| PB 0x0000000097100000| Untracked 
| 370|0x0000000097200000, 0x0000000097200000, 0x0000000097300000|  0%| F|  |TAMS 0x0000000097200000| PB 0x0000000097200000| Untracked 
| 371|0x0000000097300000, 0x0000000097300000, 0x0000000097400000|  0%| F|  |TAMS 0x0000000097300000| PB 0x0000000097300000| Untracked 
| 372|0x0000000097400000, 0x0000000097400000, 0x0000000097500000|  0%| F|  |TAMS 0x0000000097400000| PB 0x0000000097400000| Untracked 
| 373|0x0000000097500000, 0x0000000097500000, 0x0000000097600000|  0%| F|  |TAMS 0x0000000097500000| PB 0x0000000097500000| Untracked 
| 374|0x0000000097600000, 0x0000000097600000, 0x0000000097700000|  0%| F|  |TAMS 0x0000000097600000| PB 0x0000000097600000| Untracked 
| 375|0x0000000097700000, 0x0000000097700000, 0x0000000097800000|  0%| F|  |TAMS 0x0000000097700000| PB 0x0000000097700000| Untracked 
| 376|0x0000000097800000, 0x0000000097800000, 0x0000000097900000|  0%| F|  |TAMS 0x0000000097800000| PB 0x0000000097800000| Untracked 
| 377|0x0000000097900000, 0x0000000097900000, 0x0000000097a00000|  0%| F|  |TAMS 0x0000000097900000| PB 0x0000000097900000| Untracked 
| 378|0x0000000097a00000, 0x0000000097a00000, 0x0000000097b00000|  0%| F|  |TAMS 0x0000000097a00000| PB 0x0000000097a00000| Untracked 
| 379|0x0000000097b00000, 0x0000000097b00000, 0x0000000097c00000|  0%| F|  |TAMS 0x0000000097b00000| PB 0x0000000097b00000| Untracked 
| 380|0x0000000097c00000, 0x0000000097c00000, 0x0000000097d00000|  0%| F|  |TAMS 0x0000000097c00000| PB 0x0000000097c00000| Untracked 
| 381|0x0000000097d00000, 0x0000000097d00000, 0x0000000097e00000|  0%| F|  |TAMS 0x0000000097d00000| PB 0x0000000097d00000| Untracked 
| 382|0x0000000097e00000, 0x0000000097e00000, 0x0000000097f00000|  0%| F|  |TAMS 0x0000000097e00000| PB 0x0000000097e00000| Untracked 
| 383|0x0000000097f00000, 0x0000000097f00000, 0x0000000098000000|  0%| F|  |TAMS 0x0000000097f00000| PB 0x0000000097f00000| Untracked 
| 384|0x0000000098000000, 0x0000000098000000, 0x0000000098100000|  0%| F|  |TAMS 0x0000000098000000| PB 0x0000000098000000| Untracked 
| 385|0x0000000098100000, 0x0000000098100000, 0x0000000098200000|  0%| F|  |TAMS 0x0000000098100000| PB 0x0000000098100000| Untracked 
| 386|0x0000000098200000, 0x0000000098200000, 0x0000000098300000|  0%| F|  |TAMS 0x0000000098200000| PB 0x0000000098200000| Untracked 
| 387|0x0000000098300000, 0x0000000098300000, 0x0000000098400000|  0%| F|  |TAMS 0x0000000098300000| PB 0x0000000098300000| Untracked 
| 388|0x0000000098400000, 0x0000000098400000, 0x0000000098500000|  0%| F|  |TAMS 0x0000000098400000| PB 0x0000000098400000| Untracked 
| 389|0x0000000098500000, 0x0000000098500000, 0x0000000098600000|  0%| F|  |TAMS 0x0000000098500000| PB 0x0000000098500000| Untracked 
| 390|0x0000000098600000, 0x0000000098600000, 0x0000000098700000|  0%| F|  |TAMS 0x0000000098600000| PB 0x0000000098600000| Untracked 
| 391|0x0000000098700000, 0x0000000098700000, 0x0000000098800000|  0%| F|  |TAMS 0x0000000098700000| PB 0x0000000098700000| Untracked 
| 392|0x0000000098800000, 0x0000000098800000, 0x0000000098900000|  0%| F|  |TAMS 0x0000000098800000| PB 0x0000000098800000| Untracked 
| 393|0x0000000098900000, 0x0000000098900000, 0x0000000098a00000|  0%| F|  |TAMS 0x0000000098900000| PB 0x0000000098900000| Untracked 
| 394|0x0000000098a00000, 0x0000000098a00000, 0x0000000098b00000|  0%| F|  |TAMS 0x0000000098a00000| PB 0x0000000098a00000| Untracked 
| 395|0x0000000098b00000, 0x0000000098b00000, 0x0000000098c00000|  0%| F|  |TAMS 0x0000000098b00000| PB 0x0000000098b00000| Untracked 
| 396|0x0000000098c00000, 0x0000000098c00000, 0x0000000098d00000|  0%| F|  |TAMS 0x0000000098c00000| PB 0x0000000098c00000| Untracked 
| 397|0x0000000098d00000, 0x0000000098d00000, 0x0000000098e00000|  0%| F|  |TAMS 0x0000000098d00000| PB 0x0000000098d00000| Untracked 
| 398|0x0000000098e00000, 0x0000000098e00000, 0x0000000098f00000|  0%| F|  |TAMS 0x0000000098e00000| PB 0x0000000098e00000| Untracked 
| 399|0x0000000098f00000, 0x0000000098f00000, 0x0000000099000000|  0%| F|  |TAMS 0x0000000098f00000| PB 0x0000000098f00000| Untracked 
| 400|0x0000000099000000, 0x0000000099000000, 0x0000000099100000|  0%| F|  |TAMS 0x0000000099000000| PB 0x0000000099000000| Untracked 
| 401|0x0000000099100000, 0x0000000099100000, 0x0000000099200000|  0%| F|  |TAMS 0x0000000099100000| PB 0x0000000099100000| Untracked 
| 402|0x0000000099200000, 0x0000000099200000, 0x0000000099300000|  0%| F|  |TAMS 0x0000000099200000| PB 0x0000000099200000| Untracked 
| 403|0x0000000099300000, 0x0000000099300000, 0x0000000099400000|  0%| F|  |TAMS 0x0000000099300000| PB 0x0000000099300000| Untracked 
| 404|0x0000000099400000, 0x0000000099400000, 0x0000000099500000|  0%| F|  |TAMS 0x0000000099400000| PB 0x0000000099400000| Untracked 
| 405|0x0000000099500000, 0x0000000099500000, 0x0000000099600000|  0%| F|  |TAMS 0x0000000099500000| PB 0x0000000099500000| Untracked 
| 406|0x0000000099600000, 0x0000000099600000, 0x0000000099700000|  0%| F|  |TAMS 0x0000000099600000| PB 0x0000000099600000| Untracked 
| 407|0x0000000099700000, 0x0000000099700000, 0x0000000099800000|  0%| F|  |TAMS 0x0000000099700000| PB 0x0000000099700000| Untracked 
| 408|0x0000000099800000, 0x0000000099800000, 0x0000000099900000|  0%| F|  |TAMS 0x0000000099800000| PB 0x0000000099800000| Untracked 
| 409|0x0000000099900000, 0x0000000099900000, 0x0000000099a00000|  0%| F|  |TAMS 0x0000000099900000| PB 0x0000000099900000| Untracked 
| 410|0x0000000099a00000, 0x0000000099a00000, 0x0000000099b00000|  0%| F|  |TAMS 0x0000000099a00000| PB 0x0000000099a00000| Untracked 
| 411|0x0000000099b00000, 0x0000000099b00000, 0x0000000099c00000|  0%| F|  |TAMS 0x0000000099b00000| PB 0x0000000099b00000| Untracked 
| 412|0x0000000099c00000, 0x0000000099c00000, 0x0000000099d00000|  0%| F|  |TAMS 0x0000000099c00000| PB 0x0000000099c00000| Untracked 
| 413|0x0000000099d00000, 0x0000000099d00000, 0x0000000099e00000|  0%| F|  |TAMS 0x0000000099d00000| PB 0x0000000099d00000| Untracked 
| 414|0x0000000099e00000, 0x0000000099e00000, 0x0000000099f00000|  0%| F|  |TAMS 0x0000000099e00000| PB 0x0000000099e00000| Untracked 
| 415|0x0000000099f00000, 0x0000000099f00000, 0x000000009a000000|  0%| F|  |TAMS 0x0000000099f00000| PB 0x0000000099f00000| Untracked 
| 416|0x000000009a000000, 0x000000009a000000, 0x000000009a100000|  0%| F|  |TAMS 0x000000009a000000| PB 0x000000009a000000| Untracked 
| 417|0x000000009a100000, 0x000000009a100000, 0x000000009a200000|  0%| F|  |TAMS 0x000000009a100000| PB 0x000000009a100000| Untracked 
| 418|0x000000009a200000, 0x000000009a200000, 0x000000009a300000|  0%| F|  |TAMS 0x000000009a200000| PB 0x000000009a200000| Untracked 
| 419|0x000000009a300000, 0x000000009a300000, 0x000000009a400000|  0%| F|  |TAMS 0x000000009a300000| PB 0x000000009a300000| Untracked 
| 420|0x000000009a400000, 0x000000009a400000, 0x000000009a500000|  0%| F|  |TAMS 0x000000009a400000| PB 0x000000009a400000| Untracked 
| 421|0x000000009a500000, 0x000000009a500000, 0x000000009a600000|  0%| F|  |TAMS 0x000000009a500000| PB 0x000000009a500000| Untracked 
| 422|0x000000009a600000, 0x000000009a600000, 0x000000009a700000|  0%| F|  |TAMS 0x000000009a600000| PB 0x000000009a600000| Untracked 
| 423|0x000000009a700000, 0x000000009a700000, 0x000000009a800000|  0%| F|  |TAMS 0x000000009a700000| PB 0x000000009a700000| Untracked 
| 424|0x000000009a800000, 0x000000009a800000, 0x000000009a900000|  0%| F|  |TAMS 0x000000009a800000| PB 0x000000009a800000| Untracked 
| 425|0x000000009a900000, 0x000000009a900000, 0x000000009aa00000|  0%| F|  |TAMS 0x000000009a900000| PB 0x000000009a900000| Untracked 
| 426|0x000000009aa00000, 0x000000009aa00000, 0x000000009ab00000|  0%| F|  |TAMS 0x000000009aa00000| PB 0x000000009aa00000| Untracked 
| 427|0x000000009ab00000, 0x000000009ab00000, 0x000000009ac00000|  0%| F|  |TAMS 0x000000009ab00000| PB 0x000000009ab00000| Untracked 
| 428|0x000000009ac00000, 0x000000009ac00000, 0x000000009ad00000|  0%| F|  |TAMS 0x000000009ac00000| PB 0x000000009ac00000| Untracked 
| 429|0x000000009ad00000, 0x000000009ad00000, 0x000000009ae00000|  0%| F|  |TAMS 0x000000009ad00000| PB 0x000000009ad00000| Untracked 
| 430|0x000000009ae00000, 0x000000009ae00000, 0x000000009af00000|  0%| F|  |TAMS 0x000000009ae00000| PB 0x000000009ae00000| Untracked 
| 431|0x000000009af00000, 0x000000009af00000, 0x000000009b000000|  0%| F|  |TAMS 0x000000009af00000| PB 0x000000009af00000| Untracked 
| 432|0x000000009b000000, 0x000000009b000000, 0x000000009b100000|  0%| F|  |TAMS 0x000000009b000000| PB 0x000000009b000000| Untracked 
| 433|0x000000009b100000, 0x000000009b100000, 0x000000009b200000|  0%| F|  |TAMS 0x000000009b100000| PB 0x000000009b100000| Untracked 
| 434|0x000000009b200000, 0x000000009b200000, 0x000000009b300000|  0%| F|  |TAMS 0x000000009b200000| PB 0x000000009b200000| Untracked 
| 435|0x000000009b300000, 0x000000009b300000, 0x000000009b400000|  0%| F|  |TAMS 0x000000009b300000| PB 0x000000009b300000| Untracked 
| 436|0x000000009b400000, 0x000000009b400000, 0x000000009b500000|  0%| F|  |TAMS 0x000000009b400000| PB 0x000000009b400000| Untracked 
| 437|0x000000009b500000, 0x000000009b500000, 0x000000009b600000|  0%| F|  |TAMS 0x000000009b500000| PB 0x000000009b500000| Untracked 
| 438|0x000000009b600000, 0x000000009b600000, 0x000000009b700000|  0%| F|  |TAMS 0x000000009b600000| PB 0x000000009b600000| Untracked 
| 439|0x000000009b700000, 0x000000009b700000, 0x000000009b800000|  0%| F|  |TAMS 0x000000009b700000| PB 0x000000009b700000| Untracked 
| 440|0x000000009b800000, 0x000000009b800000, 0x000000009b900000|  0%| F|  |TAMS 0x000000009b800000| PB 0x000000009b800000| Untracked 
| 441|0x000000009b900000, 0x000000009b900000, 0x000000009ba00000|  0%| F|  |TAMS 0x000000009b900000| PB 0x000000009b900000| Untracked 
| 442|0x000000009ba00000, 0x000000009ba00000, 0x000000009bb00000|  0%| F|  |TAMS 0x000000009ba00000| PB 0x000000009ba00000| Untracked 
| 443|0x000000009bb00000, 0x000000009bb00000, 0x000000009bc00000|  0%| F|  |TAMS 0x000000009bb00000| PB 0x000000009bb00000| Untracked 
| 444|0x000000009bc00000, 0x000000009bc00000, 0x000000009bd00000|  0%| F|  |TAMS 0x000000009bc00000| PB 0x000000009bc00000| Untracked 
| 445|0x000000009bd00000, 0x000000009bd00000, 0x000000009be00000|  0%| F|  |TAMS 0x000000009bd00000| PB 0x000000009bd00000| Untracked 
| 446|0x000000009be00000, 0x000000009be00000, 0x000000009bf00000|  0%| F|  |TAMS 0x000000009be00000| PB 0x000000009be00000| Untracked 
| 447|0x000000009bf00000, 0x000000009bf00000, 0x000000009c000000|  0%| F|  |TAMS 0x000000009bf00000| PB 0x000000009bf00000| Untracked 
| 448|0x000000009c000000, 0x000000009c000000, 0x000000009c100000|  0%| F|  |TAMS 0x000000009c000000| PB 0x000000009c000000| Untracked 
| 449|0x000000009c100000, 0x000000009c17f1e8, 0x000000009c200000| 49%| S|CS|TAMS 0x000000009c100000| PB 0x000000009c100000| Complete 
| 450|0x000000009c200000, 0x000000009c300000, 0x000000009c300000|100%| S|CS|TAMS 0x000000009c200000| PB 0x000000009c200000| Complete 
| 451|0x000000009c300000, 0x000000009c400000, 0x000000009c400000|100%| S|CS|TAMS 0x000000009c300000| PB 0x000000009c300000| Complete 
| 452|0x000000009c400000, 0x000000009c500000, 0x000000009c500000|100%| S|CS|TAMS 0x000000009c400000| PB 0x000000009c400000| Complete 
| 453|0x000000009c500000, 0x000000009c500000, 0x000000009c600000|  0%| F|  |TAMS 0x000000009c500000| PB 0x000000009c500000| Untracked 
| 454|0x000000009c600000, 0x000000009c600000, 0x000000009c700000|  0%| F|  |TAMS 0x000000009c600000| PB 0x000000009c600000| Untracked 
| 455|0x000000009c700000, 0x000000009c700000, 0x000000009c800000|  0%| F|  |TAMS 0x000000009c700000| PB 0x000000009c700000| Untracked 
| 456|0x000000009c800000, 0x000000009c800000, 0x000000009c900000|  0%| F|  |TAMS 0x000000009c800000| PB 0x000000009c800000| Untracked 
| 457|0x000000009c900000, 0x000000009c900000, 0x000000009ca00000|  0%| F|  |TAMS 0x000000009c900000| PB 0x000000009c900000| Untracked 
| 458|0x000000009ca00000, 0x000000009ca00000, 0x000000009cb00000|  0%| F|  |TAMS 0x000000009ca00000| PB 0x000000009ca00000| Untracked 
| 459|0x000000009cb00000, 0x000000009cb00000, 0x000000009cc00000|  0%| F|  |TAMS 0x000000009cb00000| PB 0x000000009cb00000| Untracked 
| 460|0x000000009cc00000, 0x000000009cc00000, 0x000000009cd00000|  0%| F|  |TAMS 0x000000009cc00000| PB 0x000000009cc00000| Untracked 
| 461|0x000000009cd00000, 0x000000009cd00000, 0x000000009ce00000|  0%| F|  |TAMS 0x000000009cd00000| PB 0x000000009cd00000| Untracked 
| 462|0x000000009ce00000, 0x000000009ce00000, 0x000000009cf00000|  0%| F|  |TAMS 0x000000009ce00000| PB 0x000000009ce00000| Untracked 
| 463|0x000000009cf00000, 0x000000009cf00000, 0x000000009d000000|  0%| F|  |TAMS 0x000000009cf00000| PB 0x000000009cf00000| Untracked 
| 464|0x000000009d000000, 0x000000009d000000, 0x000000009d100000|  0%| F|  |TAMS 0x000000009d000000| PB 0x000000009d000000| Untracked 
| 465|0x000000009d100000, 0x000000009d100000, 0x000000009d200000|  0%| F|  |TAMS 0x000000009d100000| PB 0x000000009d100000| Untracked 
| 466|0x000000009d200000, 0x000000009d200000, 0x000000009d300000|  0%| F|  |TAMS 0x000000009d200000| PB 0x000000009d200000| Untracked 
| 467|0x000000009d300000, 0x000000009d300000, 0x000000009d400000|  0%| F|  |TAMS 0x000000009d300000| PB 0x000000009d300000| Untracked 
| 468|0x000000009d400000, 0x000000009d400000, 0x000000009d500000|  0%| F|  |TAMS 0x000000009d400000| PB 0x000000009d400000| Untracked 
| 469|0x000000009d500000, 0x000000009d500000, 0x000000009d600000|  0%| F|  |TAMS 0x000000009d500000| PB 0x000000009d500000| Untracked 
| 470|0x000000009d600000, 0x000000009d600000, 0x000000009d700000|  0%| F|  |TAMS 0x000000009d600000| PB 0x000000009d600000| Untracked 
| 471|0x000000009d700000, 0x000000009d700000, 0x000000009d800000|  0%| F|  |TAMS 0x000000009d700000| PB 0x000000009d700000| Untracked 
| 472|0x000000009d800000, 0x000000009d800000, 0x000000009d900000|  0%| F|  |TAMS 0x000000009d800000| PB 0x000000009d800000| Untracked 
| 473|0x000000009d900000, 0x000000009d900000, 0x000000009da00000|  0%| F|  |TAMS 0x000000009d900000| PB 0x000000009d900000| Untracked 
| 474|0x000000009da00000, 0x000000009da00000, 0x000000009db00000|  0%| F|  |TAMS 0x000000009da00000| PB 0x000000009da00000| Untracked 
| 475|0x000000009db00000, 0x000000009db00000, 0x000000009dc00000|  0%| F|  |TAMS 0x000000009db00000| PB 0x000000009db00000| Untracked 
| 476|0x000000009dc00000, 0x000000009dc00000, 0x000000009dd00000|  0%| F|  |TAMS 0x000000009dc00000| PB 0x000000009dc00000| Untracked 
| 477|0x000000009dd00000, 0x000000009dd00000, 0x000000009de00000|  0%| F|  |TAMS 0x000000009dd00000| PB 0x000000009dd00000| Untracked 
| 478|0x000000009de00000, 0x000000009de00000, 0x000000009df00000|  0%| F|  |TAMS 0x000000009de00000| PB 0x000000009de00000| Untracked 
| 479|0x000000009df00000, 0x000000009df00000, 0x000000009e000000|  0%| F|  |TAMS 0x000000009df00000| PB 0x000000009df00000| Untracked 
| 480|0x000000009e000000, 0x000000009e000000, 0x000000009e100000|  0%| F|  |TAMS 0x000000009e000000| PB 0x000000009e000000| Untracked 
| 481|0x000000009e100000, 0x000000009e100000, 0x000000009e200000|  0%| F|  |TAMS 0x000000009e100000| PB 0x000000009e100000| Untracked 
| 482|0x000000009e200000, 0x000000009e200000, 0x000000009e300000|  0%| F|  |TAMS 0x000000009e200000| PB 0x000000009e200000| Untracked 
| 483|0x000000009e300000, 0x000000009e300000, 0x000000009e400000|  0%| F|  |TAMS 0x000000009e300000| PB 0x000000009e300000| Untracked 
| 484|0x000000009e400000, 0x000000009e400000, 0x000000009e500000|  0%| F|  |TAMS 0x000000009e400000| PB 0x000000009e400000| Untracked 
| 485|0x000000009e500000, 0x000000009e500000, 0x000000009e600000|  0%| F|  |TAMS 0x000000009e500000| PB 0x000000009e500000| Untracked 
| 486|0x000000009e600000, 0x000000009e600000, 0x000000009e700000|  0%| F|  |TAMS 0x000000009e600000| PB 0x000000009e600000| Untracked 
| 487|0x000000009e700000, 0x000000009e700000, 0x000000009e800000|  0%| F|  |TAMS 0x000000009e700000| PB 0x000000009e700000| Untracked 
| 488|0x000000009e800000, 0x000000009e800000, 0x000000009e900000|  0%| F|  |TAMS 0x000000009e800000| PB 0x000000009e800000| Untracked 
| 489|0x000000009e900000, 0x000000009e900000, 0x000000009ea00000|  0%| F|  |TAMS 0x000000009e900000| PB 0x000000009e900000| Untracked 
| 490|0x000000009ea00000, 0x000000009ea00000, 0x000000009eb00000|  0%| F|  |TAMS 0x000000009ea00000| PB 0x000000009ea00000| Untracked 
| 491|0x000000009eb00000, 0x000000009eb00000, 0x000000009ec00000|  0%| F|  |TAMS 0x000000009eb00000| PB 0x000000009eb00000| Untracked 
| 492|0x000000009ec00000, 0x000000009ec00000, 0x000000009ed00000|  0%| F|  |TAMS 0x000000009ec00000| PB 0x000000009ec00000| Untracked 
| 493|0x000000009ed00000, 0x000000009ed00000, 0x000000009ee00000|  0%| F|  |TAMS 0x000000009ed00000| PB 0x000000009ed00000| Untracked 
| 494|0x000000009ee00000, 0x000000009ee00000, 0x000000009ef00000|  0%| F|  |TAMS 0x000000009ee00000| PB 0x000000009ee00000| Untracked 
| 495|0x000000009ef00000, 0x000000009ef00000, 0x000000009f000000|  0%| F|  |TAMS 0x000000009ef00000| PB 0x000000009ef00000| Untracked 
| 496|0x000000009f000000, 0x000000009f000000, 0x000000009f100000|  0%| F|  |TAMS 0x000000009f000000| PB 0x000000009f000000| Untracked 
| 497|0x000000009f100000, 0x000000009f100000, 0x000000009f200000|  0%| F|  |TAMS 0x000000009f100000| PB 0x000000009f100000| Untracked 
| 498|0x000000009f200000, 0x000000009f200000, 0x000000009f300000|  0%| F|  |TAMS 0x000000009f200000| PB 0x000000009f200000| Untracked 
| 499|0x000000009f300000, 0x000000009f300000, 0x000000009f400000|  0%| F|  |TAMS 0x000000009f300000| PB 0x000000009f300000| Untracked 
| 500|0x000000009f400000, 0x000000009f400000, 0x000000009f500000|  0%| F|  |TAMS 0x000000009f400000| PB 0x000000009f400000| Untracked 
| 501|0x000000009f500000, 0x000000009f500000, 0x000000009f600000|  0%| F|  |TAMS 0x000000009f500000| PB 0x000000009f500000| Untracked 
| 502|0x000000009f600000, 0x000000009f600000, 0x000000009f700000|  0%| F|  |TAMS 0x000000009f600000| PB 0x000000009f600000| Untracked 
| 503|0x000000009f700000, 0x000000009f700000, 0x000000009f800000|  0%| F|  |TAMS 0x000000009f700000| PB 0x000000009f700000| Untracked 
| 504|0x000000009f800000, 0x000000009f800000, 0x000000009f900000|  0%| F|  |TAMS 0x000000009f800000| PB 0x000000009f800000| Untracked 
| 505|0x000000009f900000, 0x000000009f900000, 0x000000009fa00000|  0%| F|  |TAMS 0x000000009f900000| PB 0x000000009f900000| Untracked 
| 506|0x000000009fa00000, 0x000000009fa00000, 0x000000009fb00000|  0%| F|  |TAMS 0x000000009fa00000| PB 0x000000009fa00000| Untracked 
| 507|0x000000009fb00000, 0x000000009fb00000, 0x000000009fc00000|  0%| F|  |TAMS 0x000000009fb00000| PB 0x000000009fb00000| Untracked 
| 508|0x000000009fc00000, 0x000000009fc00000, 0x000000009fd00000|  0%| F|  |TAMS 0x000000009fc00000| PB 0x000000009fc00000| Untracked 
| 509|0x000000009fd00000, 0x000000009fd00000, 0x000000009fe00000|  0%| F|  |TAMS 0x000000009fd00000| PB 0x000000009fd00000| Untracked 
| 510|0x000000009fe00000, 0x000000009fe00000, 0x000000009ff00000|  0%| F|  |TAMS 0x000000009fe00000| PB 0x000000009fe00000| Untracked 
| 511|0x000000009ff00000, 0x000000009ff00000, 0x00000000a0000000|  0%| F|  |TAMS 0x000000009ff00000| PB 0x000000009ff00000| Untracked 
| 512|0x00000000a0000000, 0x00000000a0000000, 0x00000000a0100000|  0%| F|  |TAMS 0x00000000a0000000| PB 0x00000000a0000000| Untracked 
| 513|0x00000000a0100000, 0x00000000a0100000, 0x00000000a0200000|  0%| F|  |TAMS 0x00000000a0100000| PB 0x00000000a0100000| Untracked 
| 514|0x00000000a0200000, 0x00000000a0200000, 0x00000000a0300000|  0%| F|  |TAMS 0x00000000a0200000| PB 0x00000000a0200000| Untracked 
| 515|0x00000000a0300000, 0x00000000a0300000, 0x00000000a0400000|  0%| F|  |TAMS 0x00000000a0300000| PB 0x00000000a0300000| Untracked 
| 516|0x00000000a0400000, 0x00000000a0400000, 0x00000000a0500000|  0%| F|  |TAMS 0x00000000a0400000| PB 0x00000000a0400000| Untracked 
| 517|0x00000000a0500000, 0x00000000a0500000, 0x00000000a0600000|  0%| F|  |TAMS 0x00000000a0500000| PB 0x00000000a0500000| Untracked 
| 518|0x00000000a0600000, 0x00000000a0600000, 0x00000000a0700000|  0%| F|  |TAMS 0x00000000a0600000| PB 0x00000000a0600000| Untracked 
| 519|0x00000000a0700000, 0x00000000a0700000, 0x00000000a0800000|  0%| F|  |TAMS 0x00000000a0700000| PB 0x00000000a0700000| Untracked 
| 520|0x00000000a0800000, 0x00000000a0800000, 0x00000000a0900000|  0%| F|  |TAMS 0x00000000a0800000| PB 0x00000000a0800000| Untracked 
| 521|0x00000000a0900000, 0x00000000a0900000, 0x00000000a0a00000|  0%| F|  |TAMS 0x00000000a0900000| PB 0x00000000a0900000| Untracked 
| 522|0x00000000a0a00000, 0x00000000a0a00000, 0x00000000a0b00000|  0%| F|  |TAMS 0x00000000a0a00000| PB 0x00000000a0a00000| Untracked 
| 523|0x00000000a0b00000, 0x00000000a0b00000, 0x00000000a0c00000|  0%| F|  |TAMS 0x00000000a0b00000| PB 0x00000000a0b00000| Untracked 
| 524|0x00000000a0c00000, 0x00000000a0c00000, 0x00000000a0d00000|  0%| F|  |TAMS 0x00000000a0c00000| PB 0x00000000a0c00000| Untracked 
| 525|0x00000000a0d00000, 0x00000000a0d00000, 0x00000000a0e00000|  0%| F|  |TAMS 0x00000000a0d00000| PB 0x00000000a0d00000| Untracked 
| 526|0x00000000a0e00000, 0x00000000a0e00000, 0x00000000a0f00000|  0%| F|  |TAMS 0x00000000a0e00000| PB 0x00000000a0e00000| Untracked 
| 527|0x00000000a0f00000, 0x00000000a0f00000, 0x00000000a1000000|  0%| F|  |TAMS 0x00000000a0f00000| PB 0x00000000a0f00000| Untracked 
| 528|0x00000000a1000000, 0x00000000a1000000, 0x00000000a1100000|  0%| F|  |TAMS 0x00000000a1000000| PB 0x00000000a1000000| Untracked 
| 529|0x00000000a1100000, 0x00000000a1100000, 0x00000000a1200000|  0%| F|  |TAMS 0x00000000a1100000| PB 0x00000000a1100000| Untracked 
| 530|0x00000000a1200000, 0x00000000a1200000, 0x00000000a1300000|  0%| F|  |TAMS 0x00000000a1200000| PB 0x00000000a1200000| Untracked 
| 531|0x00000000a1300000, 0x00000000a1300000, 0x00000000a1400000|  0%| F|  |TAMS 0x00000000a1300000| PB 0x00000000a1300000| Untracked 
| 532|0x00000000a1400000, 0x00000000a1400000, 0x00000000a1500000|  0%| F|  |TAMS 0x00000000a1400000| PB 0x00000000a1400000| Untracked 
| 533|0x00000000a1500000, 0x00000000a1500000, 0x00000000a1600000|  0%| F|  |TAMS 0x00000000a1500000| PB 0x00000000a1500000| Untracked 
| 534|0x00000000a1600000, 0x00000000a1600000, 0x00000000a1700000|  0%| F|  |TAMS 0x00000000a1600000| PB 0x00000000a1600000| Untracked 
| 535|0x00000000a1700000, 0x00000000a1700000, 0x00000000a1800000|  0%| F|  |TAMS 0x00000000a1700000| PB 0x00000000a1700000| Untracked 
| 536|0x00000000a1800000, 0x00000000a1800000, 0x00000000a1900000|  0%| F|  |TAMS 0x00000000a1800000| PB 0x00000000a1800000| Untracked 
| 537|0x00000000a1900000, 0x00000000a1900000, 0x00000000a1a00000|  0%| F|  |TAMS 0x00000000a1900000| PB 0x00000000a1900000| Untracked 
| 538|0x00000000a1a00000, 0x00000000a1a00000, 0x00000000a1b00000|  0%| F|  |TAMS 0x00000000a1a00000| PB 0x00000000a1a00000| Untracked 
| 539|0x00000000a1b00000, 0x00000000a1b00000, 0x00000000a1c00000|  0%| F|  |TAMS 0x00000000a1b00000| PB 0x00000000a1b00000| Untracked 
| 540|0x00000000a1c00000, 0x00000000a1c00000, 0x00000000a1d00000|  0%| F|  |TAMS 0x00000000a1c00000| PB 0x00000000a1c00000| Untracked 
| 541|0x00000000a1d00000, 0x00000000a1d00000, 0x00000000a1e00000|  0%| F|  |TAMS 0x00000000a1d00000| PB 0x00000000a1d00000| Untracked 
| 542|0x00000000a1e00000, 0x00000000a1e00000, 0x00000000a1f00000|  0%| F|  |TAMS 0x00000000a1e00000| PB 0x00000000a1e00000| Untracked 
| 543|0x00000000a1f00000, 0x00000000a1f00000, 0x00000000a2000000|  0%| F|  |TAMS 0x00000000a1f00000| PB 0x00000000a1f00000| Untracked 
| 544|0x00000000a2000000, 0x00000000a2000000, 0x00000000a2100000|  0%| F|  |TAMS 0x00000000a2000000| PB 0x00000000a2000000| Untracked 
| 545|0x00000000a2100000, 0x00000000a2100000, 0x00000000a2200000|  0%| F|  |TAMS 0x00000000a2100000| PB 0x00000000a2100000| Untracked 
| 546|0x00000000a2200000, 0x00000000a2200000, 0x00000000a2300000|  0%| F|  |TAMS 0x00000000a2200000| PB 0x00000000a2200000| Untracked 
| 547|0x00000000a2300000, 0x00000000a2300000, 0x00000000a2400000|  0%| F|  |TAMS 0x00000000a2300000| PB 0x00000000a2300000| Untracked 
| 548|0x00000000a2400000, 0x00000000a2400000, 0x00000000a2500000|  0%| F|  |TAMS 0x00000000a2400000| PB 0x00000000a2400000| Untracked 
| 549|0x00000000a2500000, 0x00000000a2500000, 0x00000000a2600000|  0%| F|  |TAMS 0x00000000a2500000| PB 0x00000000a2500000| Untracked 
| 550|0x00000000a2600000, 0x00000000a2600000, 0x00000000a2700000|  0%| F|  |TAMS 0x00000000a2600000| PB 0x00000000a2600000| Untracked 
| 551|0x00000000a2700000, 0x00000000a2700000, 0x00000000a2800000|  0%| F|  |TAMS 0x00000000a2700000| PB 0x00000000a2700000| Untracked 
| 552|0x00000000a2800000, 0x00000000a2800000, 0x00000000a2900000|  0%| F|  |TAMS 0x00000000a2800000| PB 0x00000000a2800000| Untracked 
| 553|0x00000000a2900000, 0x00000000a2900000, 0x00000000a2a00000|  0%| F|  |TAMS 0x00000000a2900000| PB 0x00000000a2900000| Untracked 
| 554|0x00000000a2a00000, 0x00000000a2a00000, 0x00000000a2b00000|  0%| F|  |TAMS 0x00000000a2a00000| PB 0x00000000a2a00000| Untracked 
| 555|0x00000000a2b00000, 0x00000000a2b00000, 0x00000000a2c00000|  0%| F|  |TAMS 0x00000000a2b00000| PB 0x00000000a2b00000| Untracked 
| 556|0x00000000a2c00000, 0x00000000a2c00000, 0x00000000a2d00000|  0%| F|  |TAMS 0x00000000a2c00000| PB 0x00000000a2c00000| Untracked 
| 557|0x00000000a2d00000, 0x00000000a2d00000, 0x00000000a2e00000|  0%| F|  |TAMS 0x00000000a2d00000| PB 0x00000000a2d00000| Untracked 
| 558|0x00000000a2e00000, 0x00000000a2e00000, 0x00000000a2f00000|  0%| F|  |TAMS 0x00000000a2e00000| PB 0x00000000a2e00000| Untracked 
| 559|0x00000000a2f00000, 0x00000000a2f00000, 0x00000000a3000000|  0%| F|  |TAMS 0x00000000a2f00000| PB 0x00000000a2f00000| Untracked 
| 560|0x00000000a3000000, 0x00000000a3000000, 0x00000000a3100000|  0%| F|  |TAMS 0x00000000a3000000| PB 0x00000000a3000000| Untracked 
| 561|0x00000000a3100000, 0x00000000a3100000, 0x00000000a3200000|  0%| F|  |TAMS 0x00000000a3100000| PB 0x00000000a3100000| Untracked 
| 562|0x00000000a3200000, 0x00000000a3200000, 0x00000000a3300000|  0%| F|  |TAMS 0x00000000a3200000| PB 0x00000000a3200000| Untracked 
| 563|0x00000000a3300000, 0x00000000a3300000, 0x00000000a3400000|  0%| F|  |TAMS 0x00000000a3300000| PB 0x00000000a3300000| Untracked 
| 564|0x00000000a3400000, 0x00000000a3400000, 0x00000000a3500000|  0%| F|  |TAMS 0x00000000a3400000| PB 0x00000000a3400000| Untracked 
| 565|0x00000000a3500000, 0x00000000a3500000, 0x00000000a3600000|  0%| F|  |TAMS 0x00000000a3500000| PB 0x00000000a3500000| Untracked 
| 566|0x00000000a3600000, 0x00000000a3600000, 0x00000000a3700000|  0%| F|  |TAMS 0x00000000a3600000| PB 0x00000000a3600000| Untracked 
| 567|0x00000000a3700000, 0x00000000a3700000, 0x00000000a3800000|  0%| F|  |TAMS 0x00000000a3700000| PB 0x00000000a3700000| Untracked 
| 568|0x00000000a3800000, 0x00000000a3800000, 0x00000000a3900000|  0%| F|  |TAMS 0x00000000a3800000| PB 0x00000000a3800000| Untracked 
| 569|0x00000000a3900000, 0x00000000a3900000, 0x00000000a3a00000|  0%| F|  |TAMS 0x00000000a3900000| PB 0x00000000a3900000| Untracked 
| 570|0x00000000a3a00000, 0x00000000a3a00000, 0x00000000a3b00000|  0%| F|  |TAMS 0x00000000a3a00000| PB 0x00000000a3a00000| Untracked 
| 571|0x00000000a3b00000, 0x00000000a3b00000, 0x00000000a3c00000|  0%| F|  |TAMS 0x00000000a3b00000| PB 0x00000000a3b00000| Untracked 
| 572|0x00000000a3c00000, 0x00000000a3c00000, 0x00000000a3d00000|  0%| F|  |TAMS 0x00000000a3c00000| PB 0x00000000a3c00000| Untracked 
| 573|0x00000000a3d00000, 0x00000000a3d00000, 0x00000000a3e00000|  0%| F|  |TAMS 0x00000000a3d00000| PB 0x00000000a3d00000| Untracked 
| 574|0x00000000a3e00000, 0x00000000a3e00000, 0x00000000a3f00000|  0%| F|  |TAMS 0x00000000a3e00000| PB 0x00000000a3e00000| Untracked 
| 575|0x00000000a3f00000, 0x00000000a3f00000, 0x00000000a4000000|  0%| F|  |TAMS 0x00000000a3f00000| PB 0x00000000a3f00000| Untracked 
| 576|0x00000000a4000000, 0x00000000a4000000, 0x00000000a4100000|  0%| F|  |TAMS 0x00000000a4000000| PB 0x00000000a4000000| Untracked 
| 577|0x00000000a4100000, 0x00000000a4100000, 0x00000000a4200000|  0%| F|  |TAMS 0x00000000a4100000| PB 0x00000000a4100000| Untracked 
| 578|0x00000000a4200000, 0x00000000a4200000, 0x00000000a4300000|  0%| F|  |TAMS 0x00000000a4200000| PB 0x00000000a4200000| Untracked 
| 579|0x00000000a4300000, 0x00000000a4300000, 0x00000000a4400000|  0%| F|  |TAMS 0x00000000a4300000| PB 0x00000000a4300000| Untracked 
| 580|0x00000000a4400000, 0x00000000a4400000, 0x00000000a4500000|  0%| F|  |TAMS 0x00000000a4400000| PB 0x00000000a4400000| Untracked 
| 581|0x00000000a4500000, 0x00000000a4500000, 0x00000000a4600000|  0%| F|  |TAMS 0x00000000a4500000| PB 0x00000000a4500000| Untracked 
| 582|0x00000000a4600000, 0x00000000a4600000, 0x00000000a4700000|  0%| F|  |TAMS 0x00000000a4600000| PB 0x00000000a4600000| Untracked 
| 583|0x00000000a4700000, 0x00000000a4700000, 0x00000000a4800000|  0%| F|  |TAMS 0x00000000a4700000| PB 0x00000000a4700000| Untracked 
| 584|0x00000000a4800000, 0x00000000a4800000, 0x00000000a4900000|  0%| F|  |TAMS 0x00000000a4800000| PB 0x00000000a4800000| Untracked 
| 585|0x00000000a4900000, 0x00000000a4900000, 0x00000000a4a00000|  0%| F|  |TAMS 0x00000000a4900000| PB 0x00000000a4900000| Untracked 
| 586|0x00000000a4a00000, 0x00000000a4a00000, 0x00000000a4b00000|  0%| F|  |TAMS 0x00000000a4a00000| PB 0x00000000a4a00000| Untracked 
| 587|0x00000000a4b00000, 0x00000000a4b00000, 0x00000000a4c00000|  0%| F|  |TAMS 0x00000000a4b00000| PB 0x00000000a4b00000| Untracked 
| 588|0x00000000a4c00000, 0x00000000a4c00000, 0x00000000a4d00000|  0%| F|  |TAMS 0x00000000a4c00000| PB 0x00000000a4c00000| Untracked 
| 589|0x00000000a4d00000, 0x00000000a4d00000, 0x00000000a4e00000|  0%| F|  |TAMS 0x00000000a4d00000| PB 0x00000000a4d00000| Untracked 
| 590|0x00000000a4e00000, 0x00000000a4e00000, 0x00000000a4f00000|  0%| F|  |TAMS 0x00000000a4e00000| PB 0x00000000a4e00000| Untracked 
| 591|0x00000000a4f00000, 0x00000000a4f00000, 0x00000000a5000000|  0%| F|  |TAMS 0x00000000a4f00000| PB 0x00000000a4f00000| Untracked 
| 592|0x00000000a5000000, 0x00000000a5000000, 0x00000000a5100000|  0%| F|  |TAMS 0x00000000a5000000| PB 0x00000000a5000000| Untracked 
| 593|0x00000000a5100000, 0x00000000a5100000, 0x00000000a5200000|  0%| F|  |TAMS 0x00000000a5100000| PB 0x00000000a5100000| Untracked 
| 594|0x00000000a5200000, 0x00000000a5200000, 0x00000000a5300000|  0%| F|  |TAMS 0x00000000a5200000| PB 0x00000000a5200000| Untracked 
| 595|0x00000000a5300000, 0x00000000a5300000, 0x00000000a5400000|  0%| F|  |TAMS 0x00000000a5300000| PB 0x00000000a5300000| Untracked 
| 596|0x00000000a5400000, 0x00000000a5400000, 0x00000000a5500000|  0%| F|  |TAMS 0x00000000a5400000| PB 0x00000000a5400000| Untracked 
| 597|0x00000000a5500000, 0x00000000a5500000, 0x00000000a5600000|  0%| F|  |TAMS 0x00000000a5500000| PB 0x00000000a5500000| Untracked 
| 598|0x00000000a5600000, 0x00000000a5600000, 0x00000000a5700000|  0%| F|  |TAMS 0x00000000a5600000| PB 0x00000000a5600000| Untracked 
| 599|0x00000000a5700000, 0x00000000a5700000, 0x00000000a5800000|  0%| F|  |TAMS 0x00000000a5700000| PB 0x00000000a5700000| Untracked 
| 600|0x00000000a5800000, 0x00000000a5800000, 0x00000000a5900000|  0%| F|  |TAMS 0x00000000a5800000| PB 0x00000000a5800000| Untracked 
| 601|0x00000000a5900000, 0x00000000a5900000, 0x00000000a5a00000|  0%| F|  |TAMS 0x00000000a5900000| PB 0x00000000a5900000| Untracked 
| 602|0x00000000a5a00000, 0x00000000a5a00000, 0x00000000a5b00000|  0%| F|  |TAMS 0x00000000a5a00000| PB 0x00000000a5a00000| Untracked 
| 603|0x00000000a5b00000, 0x00000000a5b00000, 0x00000000a5c00000|  0%| F|  |TAMS 0x00000000a5b00000| PB 0x00000000a5b00000| Untracked 
| 604|0x00000000a5c00000, 0x00000000a5c00000, 0x00000000a5d00000|  0%| F|  |TAMS 0x00000000a5c00000| PB 0x00000000a5c00000| Untracked 
| 605|0x00000000a5d00000, 0x00000000a5d00000, 0x00000000a5e00000|  0%| F|  |TAMS 0x00000000a5d00000| PB 0x00000000a5d00000| Untracked 
| 606|0x00000000a5e00000, 0x00000000a5e00000, 0x00000000a5f00000|  0%| F|  |TAMS 0x00000000a5e00000| PB 0x00000000a5e00000| Untracked 
| 607|0x00000000a5f00000, 0x00000000a5f00000, 0x00000000a6000000|  0%| F|  |TAMS 0x00000000a5f00000| PB 0x00000000a5f00000| Untracked 
| 608|0x00000000a6000000, 0x00000000a6000000, 0x00000000a6100000|  0%| F|  |TAMS 0x00000000a6000000| PB 0x00000000a6000000| Untracked 
| 609|0x00000000a6100000, 0x00000000a6100000, 0x00000000a6200000|  0%| F|  |TAMS 0x00000000a6100000| PB 0x00000000a6100000| Untracked 
| 610|0x00000000a6200000, 0x00000000a6200000, 0x00000000a6300000|  0%| F|  |TAMS 0x00000000a6200000| PB 0x00000000a6200000| Untracked 
| 611|0x00000000a6300000, 0x00000000a6300000, 0x00000000a6400000|  0%| F|  |TAMS 0x00000000a6300000| PB 0x00000000a6300000| Untracked 
| 612|0x00000000a6400000, 0x00000000a6400000, 0x00000000a6500000|  0%| F|  |TAMS 0x00000000a6400000| PB 0x00000000a6400000| Untracked 
| 613|0x00000000a6500000, 0x00000000a6500000, 0x00000000a6600000|  0%| F|  |TAMS 0x00000000a6500000| PB 0x00000000a6500000| Untracked 
| 614|0x00000000a6600000, 0x00000000a6600000, 0x00000000a6700000|  0%| F|  |TAMS 0x00000000a6600000| PB 0x00000000a6600000| Untracked 
| 615|0x00000000a6700000, 0x00000000a6700000, 0x00000000a6800000|  0%| F|  |TAMS 0x00000000a6700000| PB 0x00000000a6700000| Untracked 
| 616|0x00000000a6800000, 0x00000000a6800000, 0x00000000a6900000|  0%| F|  |TAMS 0x00000000a6800000| PB 0x00000000a6800000| Untracked 
| 617|0x00000000a6900000, 0x00000000a6900000, 0x00000000a6a00000|  0%| F|  |TAMS 0x00000000a6900000| PB 0x00000000a6900000| Untracked 
| 618|0x00000000a6a00000, 0x00000000a6a00000, 0x00000000a6b00000|  0%| F|  |TAMS 0x00000000a6a00000| PB 0x00000000a6a00000| Untracked 
| 619|0x00000000a6b00000, 0x00000000a6b00000, 0x00000000a6c00000|  0%| F|  |TAMS 0x00000000a6b00000| PB 0x00000000a6b00000| Untracked 
| 620|0x00000000a6c00000, 0x00000000a6c00000, 0x00000000a6d00000|  0%| F|  |TAMS 0x00000000a6c00000| PB 0x00000000a6c00000| Untracked 
| 621|0x00000000a6d00000, 0x00000000a6d00000, 0x00000000a6e00000|  0%| F|  |TAMS 0x00000000a6d00000| PB 0x00000000a6d00000| Untracked 
| 622|0x00000000a6e00000, 0x00000000a6e00000, 0x00000000a6f00000|  0%| F|  |TAMS 0x00000000a6e00000| PB 0x00000000a6e00000| Untracked 
| 623|0x00000000a6f00000, 0x00000000a6f00000, 0x00000000a7000000|  0%| F|  |TAMS 0x00000000a6f00000| PB 0x00000000a6f00000| Untracked 
| 624|0x00000000a7000000, 0x00000000a7000000, 0x00000000a7100000|  0%| F|  |TAMS 0x00000000a7000000| PB 0x00000000a7000000| Untracked 
| 625|0x00000000a7100000, 0x00000000a7100000, 0x00000000a7200000|  0%| F|  |TAMS 0x00000000a7100000| PB 0x00000000a7100000| Untracked 
| 626|0x00000000a7200000, 0x00000000a7200000, 0x00000000a7300000|  0%| F|  |TAMS 0x00000000a7200000| PB 0x00000000a7200000| Untracked 
| 627|0x00000000a7300000, 0x00000000a7300000, 0x00000000a7400000|  0%| F|  |TAMS 0x00000000a7300000| PB 0x00000000a7300000| Untracked 
| 628|0x00000000a7400000, 0x00000000a7400000, 0x00000000a7500000|  0%| F|  |TAMS 0x00000000a7400000| PB 0x00000000a7400000| Untracked 
| 629|0x00000000a7500000, 0x00000000a7500000, 0x00000000a7600000|  0%| F|  |TAMS 0x00000000a7500000| PB 0x00000000a7500000| Untracked 
| 630|0x00000000a7600000, 0x00000000a7600000, 0x00000000a7700000|  0%| F|  |TAMS 0x00000000a7600000| PB 0x00000000a7600000| Untracked 
| 631|0x00000000a7700000, 0x00000000a7700000, 0x00000000a7800000|  0%| F|  |TAMS 0x00000000a7700000| PB 0x00000000a7700000| Untracked 
| 632|0x00000000a7800000, 0x00000000a7800000, 0x00000000a7900000|  0%| F|  |TAMS 0x00000000a7800000| PB 0x00000000a7800000| Untracked 
| 633|0x00000000a7900000, 0x00000000a7900000, 0x00000000a7a00000|  0%| F|  |TAMS 0x00000000a7900000| PB 0x00000000a7900000| Untracked 
| 634|0x00000000a7a00000, 0x00000000a7a00000, 0x00000000a7b00000|  0%| F|  |TAMS 0x00000000a7a00000| PB 0x00000000a7a00000| Untracked 
| 635|0x00000000a7b00000, 0x00000000a7b00000, 0x00000000a7c00000|  0%| F|  |TAMS 0x00000000a7b00000| PB 0x00000000a7b00000| Untracked 
| 636|0x00000000a7c00000, 0x00000000a7c00000, 0x00000000a7d00000|  0%| F|  |TAMS 0x00000000a7c00000| PB 0x00000000a7c00000| Untracked 
| 637|0x00000000a7d00000, 0x00000000a7d00000, 0x00000000a7e00000|  0%| F|  |TAMS 0x00000000a7d00000| PB 0x00000000a7d00000| Untracked 
| 638|0x00000000a7e00000, 0x00000000a7e00000, 0x00000000a7f00000|  0%| F|  |TAMS 0x00000000a7e00000| PB 0x00000000a7e00000| Untracked 
| 639|0x00000000a7f00000, 0x00000000a7f00000, 0x00000000a8000000|  0%| F|  |TAMS 0x00000000a7f00000| PB 0x00000000a7f00000| Untracked 
| 640|0x00000000a8000000, 0x00000000a8000000, 0x00000000a8100000|  0%| F|  |TAMS 0x00000000a8000000| PB 0x00000000a8000000| Untracked 
| 641|0x00000000a8100000, 0x00000000a8100000, 0x00000000a8200000|  0%| F|  |TAMS 0x00000000a8100000| PB 0x00000000a8100000| Untracked 
| 642|0x00000000a8200000, 0x00000000a8200000, 0x00000000a8300000|  0%| F|  |TAMS 0x00000000a8200000| PB 0x00000000a8200000| Untracked 
| 643|0x00000000a8300000, 0x00000000a8300000, 0x00000000a8400000|  0%| F|  |TAMS 0x00000000a8300000| PB 0x00000000a8300000| Untracked 
| 644|0x00000000a8400000, 0x00000000a8400000, 0x00000000a8500000|  0%| F|  |TAMS 0x00000000a8400000| PB 0x00000000a8400000| Untracked 
| 645|0x00000000a8500000, 0x00000000a8500000, 0x00000000a8600000|  0%| F|  |TAMS 0x00000000a8500000| PB 0x00000000a8500000| Untracked 
| 646|0x00000000a8600000, 0x00000000a8600000, 0x00000000a8700000|  0%| F|  |TAMS 0x00000000a8600000| PB 0x00000000a8600000| Untracked 
| 647|0x00000000a8700000, 0x00000000a8700000, 0x00000000a8800000|  0%| F|  |TAMS 0x00000000a8700000| PB 0x00000000a8700000| Untracked 
| 648|0x00000000a8800000, 0x00000000a8800000, 0x00000000a8900000|  0%| F|  |TAMS 0x00000000a8800000| PB 0x00000000a8800000| Untracked 
| 649|0x00000000a8900000, 0x00000000a8900000, 0x00000000a8a00000|  0%| F|  |TAMS 0x00000000a8900000| PB 0x00000000a8900000| Untracked 
| 650|0x00000000a8a00000, 0x00000000a8a00000, 0x00000000a8b00000|  0%| F|  |TAMS 0x00000000a8a00000| PB 0x00000000a8a00000| Untracked 
| 651|0x00000000a8b00000, 0x00000000a8b00000, 0x00000000a8c00000|  0%| F|  |TAMS 0x00000000a8b00000| PB 0x00000000a8b00000| Untracked 
| 652|0x00000000a8c00000, 0x00000000a8c00000, 0x00000000a8d00000|  0%| F|  |TAMS 0x00000000a8c00000| PB 0x00000000a8c00000| Untracked 
| 653|0x00000000a8d00000, 0x00000000a8d00000, 0x00000000a8e00000|  0%| F|  |TAMS 0x00000000a8d00000| PB 0x00000000a8d00000| Untracked 
| 654|0x00000000a8e00000, 0x00000000a8e00000, 0x00000000a8f00000|  0%| F|  |TAMS 0x00000000a8e00000| PB 0x00000000a8e00000| Untracked 
| 655|0x00000000a8f00000, 0x00000000a8f00000, 0x00000000a9000000|  0%| F|  |TAMS 0x00000000a8f00000| PB 0x00000000a8f00000| Untracked 
| 656|0x00000000a9000000, 0x00000000a9000000, 0x00000000a9100000|  0%| F|  |TAMS 0x00000000a9000000| PB 0x00000000a9000000| Untracked 
| 657|0x00000000a9100000, 0x00000000a9100000, 0x00000000a9200000|  0%| F|  |TAMS 0x00000000a9100000| PB 0x00000000a9100000| Untracked 
| 658|0x00000000a9200000, 0x00000000a9200000, 0x00000000a9300000|  0%| F|  |TAMS 0x00000000a9200000| PB 0x00000000a9200000| Untracked 
| 659|0x00000000a9300000, 0x00000000a9300000, 0x00000000a9400000|  0%| F|  |TAMS 0x00000000a9300000| PB 0x00000000a9300000| Untracked 
| 660|0x00000000a9400000, 0x00000000a9400000, 0x00000000a9500000|  0%| F|  |TAMS 0x00000000a9400000| PB 0x00000000a9400000| Untracked 
| 661|0x00000000a9500000, 0x00000000a9500000, 0x00000000a9600000|  0%| F|  |TAMS 0x00000000a9500000| PB 0x00000000a9500000| Untracked 
| 662|0x00000000a9600000, 0x00000000a9600000, 0x00000000a9700000|  0%| F|  |TAMS 0x00000000a9600000| PB 0x00000000a9600000| Untracked 
| 663|0x00000000a9700000, 0x00000000a9700000, 0x00000000a9800000|  0%| F|  |TAMS 0x00000000a9700000| PB 0x00000000a9700000| Untracked 
| 664|0x00000000a9800000, 0x00000000a9800000, 0x00000000a9900000|  0%| F|  |TAMS 0x00000000a9800000| PB 0x00000000a9800000| Untracked 
| 665|0x00000000a9900000, 0x00000000a9900000, 0x00000000a9a00000|  0%| F|  |TAMS 0x00000000a9900000| PB 0x00000000a9900000| Untracked 
| 666|0x00000000a9a00000, 0x00000000a9a00000, 0x00000000a9b00000|  0%| F|  |TAMS 0x00000000a9a00000| PB 0x00000000a9a00000| Untracked 
| 667|0x00000000a9b00000, 0x00000000a9b00000, 0x00000000a9c00000|  0%| F|  |TAMS 0x00000000a9b00000| PB 0x00000000a9b00000| Untracked 
| 668|0x00000000a9c00000, 0x00000000a9c00000, 0x00000000a9d00000|  0%| F|  |TAMS 0x00000000a9c00000| PB 0x00000000a9c00000| Untracked 
| 669|0x00000000a9d00000, 0x00000000a9d00000, 0x00000000a9e00000|  0%| F|  |TAMS 0x00000000a9d00000| PB 0x00000000a9d00000| Untracked 
| 670|0x00000000a9e00000, 0x00000000a9e00000, 0x00000000a9f00000|  0%| F|  |TAMS 0x00000000a9e00000| PB 0x00000000a9e00000| Untracked 
| 671|0x00000000a9f00000, 0x00000000a9f00000, 0x00000000aa000000|  0%| F|  |TAMS 0x00000000a9f00000| PB 0x00000000a9f00000| Untracked 
| 672|0x00000000aa000000, 0x00000000aa000000, 0x00000000aa100000|  0%| F|  |TAMS 0x00000000aa000000| PB 0x00000000aa000000| Untracked 
| 673|0x00000000aa100000, 0x00000000aa100000, 0x00000000aa200000|  0%| F|  |TAMS 0x00000000aa100000| PB 0x00000000aa100000| Untracked 
| 674|0x00000000aa200000, 0x00000000aa200000, 0x00000000aa300000|  0%| F|  |TAMS 0x00000000aa200000| PB 0x00000000aa200000| Untracked 
| 675|0x00000000aa300000, 0x00000000aa300000, 0x00000000aa400000|  0%| F|  |TAMS 0x00000000aa300000| PB 0x00000000aa300000| Untracked 
| 676|0x00000000aa400000, 0x00000000aa400000, 0x00000000aa500000|  0%| F|  |TAMS 0x00000000aa400000| PB 0x00000000aa400000| Untracked 
| 677|0x00000000aa500000, 0x00000000aa500000, 0x00000000aa600000|  0%| F|  |TAMS 0x00000000aa500000| PB 0x00000000aa500000| Untracked 
| 678|0x00000000aa600000, 0x00000000aa600000, 0x00000000aa700000|  0%| F|  |TAMS 0x00000000aa600000| PB 0x00000000aa600000| Untracked 
| 679|0x00000000aa700000, 0x00000000aa700000, 0x00000000aa800000|  0%| F|  |TAMS 0x00000000aa700000| PB 0x00000000aa700000| Untracked 
| 680|0x00000000aa800000, 0x00000000aa800000, 0x00000000aa900000|  0%| F|  |TAMS 0x00000000aa800000| PB 0x00000000aa800000| Untracked 
| 681|0x00000000aa900000, 0x00000000aa900000, 0x00000000aaa00000|  0%| F|  |TAMS 0x00000000aa900000| PB 0x00000000aa900000| Untracked 
| 682|0x00000000aaa00000, 0x00000000aaa00000, 0x00000000aab00000|  0%| F|  |TAMS 0x00000000aaa00000| PB 0x00000000aaa00000| Untracked 
| 683|0x00000000aab00000, 0x00000000aab00000, 0x00000000aac00000|  0%| F|  |TAMS 0x00000000aab00000| PB 0x00000000aab00000| Untracked 
| 684|0x00000000aac00000, 0x00000000aac00000, 0x00000000aad00000|  0%| F|  |TAMS 0x00000000aac00000| PB 0x00000000aac00000| Untracked 
| 685|0x00000000aad00000, 0x00000000aad00000, 0x00000000aae00000|  0%| F|  |TAMS 0x00000000aad00000| PB 0x00000000aad00000| Untracked 
| 686|0x00000000aae00000, 0x00000000aae00000, 0x00000000aaf00000|  0%| F|  |TAMS 0x00000000aae00000| PB 0x00000000aae00000| Untracked 
| 687|0x00000000aaf00000, 0x00000000aaf00000, 0x00000000ab000000|  0%| F|  |TAMS 0x00000000aaf00000| PB 0x00000000aaf00000| Untracked 
| 688|0x00000000ab000000, 0x00000000ab000000, 0x00000000ab100000|  0%| F|  |TAMS 0x00000000ab000000| PB 0x00000000ab000000| Untracked 
| 689|0x00000000ab100000, 0x00000000ab100000, 0x00000000ab200000|  0%| F|  |TAMS 0x00000000ab100000| PB 0x00000000ab100000| Untracked 
| 690|0x00000000ab200000, 0x00000000ab200000, 0x00000000ab300000|  0%| F|  |TAMS 0x00000000ab200000| PB 0x00000000ab200000| Untracked 
| 691|0x00000000ab300000, 0x00000000ab300000, 0x00000000ab400000|  0%| F|  |TAMS 0x00000000ab300000| PB 0x00000000ab300000| Untracked 
| 692|0x00000000ab400000, 0x00000000ab400000, 0x00000000ab500000|  0%| F|  |TAMS 0x00000000ab400000| PB 0x00000000ab400000| Untracked 
| 693|0x00000000ab500000, 0x00000000ab500000, 0x00000000ab600000|  0%| F|  |TAMS 0x00000000ab500000| PB 0x00000000ab500000| Untracked 
| 694|0x00000000ab600000, 0x00000000ab600000, 0x00000000ab700000|  0%| F|  |TAMS 0x00000000ab600000| PB 0x00000000ab600000| Untracked 
| 695|0x00000000ab700000, 0x00000000ab700000, 0x00000000ab800000|  0%| F|  |TAMS 0x00000000ab700000| PB 0x00000000ab700000| Untracked 
| 696|0x00000000ab800000, 0x00000000ab800000, 0x00000000ab900000|  0%| F|  |TAMS 0x00000000ab800000| PB 0x00000000ab800000| Untracked 
| 697|0x00000000ab900000, 0x00000000ab900000, 0x00000000aba00000|  0%| F|  |TAMS 0x00000000ab900000| PB 0x00000000ab900000| Untracked 
| 698|0x00000000aba00000, 0x00000000aba00000, 0x00000000abb00000|  0%| F|  |TAMS 0x00000000aba00000| PB 0x00000000aba00000| Untracked 
| 699|0x00000000abb00000, 0x00000000abb00000, 0x00000000abc00000|  0%| F|  |TAMS 0x00000000abb00000| PB 0x00000000abb00000| Untracked 
| 700|0x00000000abc00000, 0x00000000abc00000, 0x00000000abd00000|  0%| F|  |TAMS 0x00000000abc00000| PB 0x00000000abc00000| Untracked 
| 701|0x00000000abd00000, 0x00000000abd00000, 0x00000000abe00000|  0%| F|  |TAMS 0x00000000abd00000| PB 0x00000000abd00000| Untracked 
| 702|0x00000000abe00000, 0x00000000abe00000, 0x00000000abf00000|  0%| F|  |TAMS 0x00000000abe00000| PB 0x00000000abe00000| Untracked 
| 703|0x00000000abf00000, 0x00000000abf00000, 0x00000000ac000000|  0%| F|  |TAMS 0x00000000abf00000| PB 0x00000000abf00000| Untracked 
| 704|0x00000000ac000000, 0x00000000ac000000, 0x00000000ac100000|  0%| F|  |TAMS 0x00000000ac000000| PB 0x00000000ac000000| Untracked 
| 705|0x00000000ac100000, 0x00000000ac100000, 0x00000000ac200000|  0%| F|  |TAMS 0x00000000ac100000| PB 0x00000000ac100000| Untracked 
| 706|0x00000000ac200000, 0x00000000ac200000, 0x00000000ac300000|  0%| F|  |TAMS 0x00000000ac200000| PB 0x00000000ac200000| Untracked 
| 707|0x00000000ac300000, 0x00000000ac300000, 0x00000000ac400000|  0%| F|  |TAMS 0x00000000ac300000| PB 0x00000000ac300000| Untracked 
| 708|0x00000000ac400000, 0x00000000ac400000, 0x00000000ac500000|  0%| F|  |TAMS 0x00000000ac400000| PB 0x00000000ac400000| Untracked 
| 709|0x00000000ac500000, 0x00000000ac500000, 0x00000000ac600000|  0%| F|  |TAMS 0x00000000ac500000| PB 0x00000000ac500000| Untracked 
| 710|0x00000000ac600000, 0x00000000ac600000, 0x00000000ac700000|  0%| F|  |TAMS 0x00000000ac600000| PB 0x00000000ac600000| Untracked 
| 711|0x00000000ac700000, 0x00000000ac700000, 0x00000000ac800000|  0%| F|  |TAMS 0x00000000ac700000| PB 0x00000000ac700000| Untracked 
| 712|0x00000000ac800000, 0x00000000ac800000, 0x00000000ac900000|  0%| F|  |TAMS 0x00000000ac800000| PB 0x00000000ac800000| Untracked 
| 713|0x00000000ac900000, 0x00000000ac900000, 0x00000000aca00000|  0%| F|  |TAMS 0x00000000ac900000| PB 0x00000000ac900000| Untracked 
| 714|0x00000000aca00000, 0x00000000aca00000, 0x00000000acb00000|  0%| F|  |TAMS 0x00000000aca00000| PB 0x00000000aca00000| Untracked 
|1945|0x00000000f9900000, 0x00000000f9a00000, 0x00000000f9a00000|100%| O|  |TAMS 0x00000000f9900000| PB 0x00000000f9900000| Untracked 
|1946|0x00000000f9a00000, 0x00000000f9b00000, 0x00000000f9b00000|100%| O|  |TAMS 0x00000000f9a00000| PB 0x00000000f9a00000| Untracked 
|1947|0x00000000f9b00000, 0x00000000f9c00000, 0x00000000f9c00000|100%| O|  |TAMS 0x00000000f9b00000| PB 0x00000000f9b00000| Untracked 
|1948|0x00000000f9c00000, 0x00000000f9d00000, 0x00000000f9d00000|100%| O|  |TAMS 0x00000000f9c00000| PB 0x00000000f9c00000| Untracked 
|1949|0x00000000f9d00000, 0x00000000f9e00000, 0x00000000f9e00000|100%| O|  |TAMS 0x00000000f9d00000| PB 0x00000000f9d00000| Untracked 
|1950|0x00000000f9e00000, 0x00000000f9f00000, 0x00000000f9f00000|100%| O|  |TAMS 0x00000000f9e00000| PB 0x00000000f9e00000| Untracked 
|1951|0x00000000f9f00000, 0x00000000fa000000, 0x00000000fa000000|100%| O|  |TAMS 0x00000000f9f00000| PB 0x00000000f9f00000| Untracked 
|1952|0x00000000fa000000, 0x00000000fa100000, 0x00000000fa100000|100%| O|  |TAMS 0x00000000fa000000| PB 0x00000000fa000000| Untracked 
|1953|0x00000000fa100000, 0x00000000fa200000, 0x00000000fa200000|100%| O|  |TAMS 0x00000000fa100000| PB 0x00000000fa100000| Untracked 
|1954|0x00000000fa200000, 0x00000000fa300000, 0x00000000fa300000|100%| O|  |TAMS 0x00000000fa200000| PB 0x00000000fa200000| Untracked 
|1955|0x00000000fa300000, 0x00000000fa400000, 0x00000000fa400000|100%| O|  |TAMS 0x00000000fa300000| PB 0x00000000fa300000| Untracked 
|1956|0x00000000fa400000, 0x00000000fa500000, 0x00000000fa500000|100%| O|  |TAMS 0x00000000fa400000| PB 0x00000000fa400000| Untracked 
|1957|0x00000000fa500000, 0x00000000fa600000, 0x00000000fa600000|100%| O|  |TAMS 0x00000000fa500000| PB 0x00000000fa500000| Untracked 
|1958|0x00000000fa600000, 0x00000000fa700000, 0x00000000fa700000|100%| O|  |TAMS 0x00000000fa600000| PB 0x00000000fa600000| Untracked 
|1959|0x00000000fa700000, 0x00000000fa800000, 0x00000000fa800000|100%| O|  |TAMS 0x00000000fa700000| PB 0x00000000fa700000| Untracked 
|1960|0x00000000fa800000, 0x00000000fa900000, 0x00000000fa900000|100%| O|  |TAMS 0x00000000fa800000| PB 0x00000000fa800000| Untracked 
|1961|0x00000000fa900000, 0x00000000faa00000, 0x00000000faa00000|100%| O|  |TAMS 0x00000000fa900000| PB 0x00000000fa900000| Untracked 
|1962|0x00000000faa00000, 0x00000000fab00000, 0x00000000fab00000|100%| O|  |TAMS 0x00000000faa00000| PB 0x00000000faa00000| Untracked 
|1963|0x00000000fab00000, 0x00000000fac00000, 0x00000000fac00000|100%| O|  |TAMS 0x00000000fab00000| PB 0x00000000fab00000| Untracked 
|1964|0x00000000fac00000, 0x00000000fad00000, 0x00000000fad00000|100%| O|  |TAMS 0x00000000fac00000| PB 0x00000000fac00000| Untracked 
|1965|0x00000000fad00000, 0x00000000fae00000, 0x00000000fae00000|100%| O|  |TAMS 0x00000000fad00000| PB 0x00000000fad00000| Untracked 
|1966|0x00000000fae00000, 0x00000000faf00000, 0x00000000faf00000|100%| O|  |TAMS 0x00000000fae00000| PB 0x00000000fae00000| Untracked 
|1967|0x00000000faf00000, 0x00000000fb000000, 0x00000000fb000000|100%| O|  |TAMS 0x00000000faf00000| PB 0x00000000faf00000| Untracked 
|1968|0x00000000fb000000, 0x00000000fb100000, 0x00000000fb100000|100%| O|  |TAMS 0x00000000fb000000| PB 0x00000000fb000000| Untracked 
|1969|0x00000000fb100000, 0x00000000fb200000, 0x00000000fb200000|100%| O|  |TAMS 0x00000000fb100000| PB 0x00000000fb100000| Untracked 
|1970|0x00000000fb200000, 0x00000000fb300000, 0x00000000fb300000|100%| O|  |TAMS 0x00000000fb200000| PB 0x00000000fb200000| Untracked 
|1971|0x00000000fb300000, 0x00000000fb400000, 0x00000000fb400000|100%| O|  |TAMS 0x00000000fb300000| PB 0x00000000fb300000| Untracked 
|1972|0x00000000fb400000, 0x00000000fb500000, 0x00000000fb500000|100%| O|  |TAMS 0x00000000fb400000| PB 0x00000000fb400000| Untracked 
|1973|0x00000000fb500000, 0x00000000fb600000, 0x00000000fb600000|100%| O|  |TAMS 0x00000000fb500000| PB 0x00000000fb500000| Untracked 
|1974|0x00000000fb600000, 0x00000000fb700000, 0x00000000fb700000|100%| O|  |TAMS 0x00000000fb600000| PB 0x00000000fb600000| Untracked 
|1975|0x00000000fb700000, 0x00000000fb800000, 0x00000000fb800000|100%| O|  |TAMS 0x00000000fb700000| PB 0x00000000fb700000| Untracked 
|1976|0x00000000fb800000, 0x00000000fb900000, 0x00000000fb900000|100%| O|  |TAMS 0x00000000fb800000| PB 0x00000000fb800000| Untracked 
|1977|0x00000000fb900000, 0x00000000fba00000, 0x00000000fba00000|100%| O|  |TAMS 0x00000000fb900000| PB 0x00000000fb900000| Untracked 
|1978|0x00000000fba00000, 0x00000000fbb00000, 0x00000000fbb00000|100%| O|  |TAMS 0x00000000fba00000| PB 0x00000000fba00000| Untracked 
|1979|0x00000000fbb00000, 0x00000000fbc00000, 0x00000000fbc00000|100%| O|  |TAMS 0x00000000fbb00000| PB 0x00000000fbb00000| Untracked 
|1980|0x00000000fbc00000, 0x00000000fbd00000, 0x00000000fbd00000|100%| O|  |TAMS 0x00000000fbc00000| PB 0x00000000fbc00000| Untracked 
|1981|0x00000000fbd00000, 0x00000000fbe00000, 0x00000000fbe00000|100%| O|  |TAMS 0x00000000fbd00000| PB 0x00000000fbd00000| Untracked 
|1982|0x00000000fbe00000, 0x00000000fbf00000, 0x00000000fbf00000|100%| O|  |TAMS 0x00000000fbe00000| PB 0x00000000fbe00000| Untracked 
|1983|0x00000000fbf00000, 0x00000000fc000000, 0x00000000fc000000|100%| O|  |TAMS 0x00000000fbf00000| PB 0x00000000fbf00000| Untracked 
|1984|0x00000000fc000000, 0x00000000fc100000, 0x00000000fc100000|100%| O|  |TAMS 0x00000000fc000000| PB 0x00000000fc000000| Untracked 
|1985|0x00000000fc100000, 0x00000000fc200000, 0x00000000fc200000|100%| O|  |TAMS 0x00000000fc100000| PB 0x00000000fc100000| Untracked 
|1986|0x00000000fc200000, 0x00000000fc300000, 0x00000000fc300000|100%| O|  |TAMS 0x00000000fc200000| PB 0x00000000fc200000| Untracked 
|1987|0x00000000fc300000, 0x00000000fc400000, 0x00000000fc400000|100%| O|  |TAMS 0x00000000fc300000| PB 0x00000000fc300000| Untracked 
|1988|0x00000000fc400000, 0x00000000fc500000, 0x00000000fc500000|100%| O|  |TAMS 0x00000000fc400000| PB 0x00000000fc400000| Untracked 
|1989|0x00000000fc500000, 0x00000000fc600000, 0x00000000fc600000|100%| O|  |TAMS 0x00000000fc500000| PB 0x00000000fc500000| Untracked 
|1990|0x00000000fc600000, 0x00000000fc700000, 0x00000000fc700000|100%| O|  |TAMS 0x00000000fc600000| PB 0x00000000fc600000| Untracked 
|1991|0x00000000fc700000, 0x00000000fc800000, 0x00000000fc800000|100%| O|  |TAMS 0x00000000fc700000| PB 0x00000000fc700000| Untracked 
|1992|0x00000000fc800000, 0x00000000fc900000, 0x00000000fc900000|100%| O|  |TAMS 0x00000000fc800000| PB 0x00000000fc800000| Untracked 
|1993|0x00000000fc900000, 0x00000000fca00000, 0x00000000fca00000|100%| O|  |TAMS 0x00000000fc900000| PB 0x00000000fc900000| Untracked 
|1994|0x00000000fca00000, 0x00000000fcb00000, 0x00000000fcb00000|100%| O|  |TAMS 0x00000000fca00000| PB 0x00000000fca00000| Untracked 
|1995|0x00000000fcb00000, 0x00000000fcc00000, 0x00000000fcc00000|100%| O|  |TAMS 0x00000000fcb00000| PB 0x00000000fcb00000| Untracked 
|1996|0x00000000fcc00000, 0x00000000fcd00000, 0x00000000fcd00000|100%| O|  |TAMS 0x00000000fcc00000| PB 0x00000000fcc00000| Untracked 
|1997|0x00000000fcd00000, 0x00000000fcd00000, 0x00000000fce00000|  0%| F|  |TAMS 0x00000000fcd00000| PB 0x00000000fcd00000| Untracked 
|1998|0x00000000fce00000, 0x00000000fce00000, 0x00000000fcf00000|  0%| F|  |TAMS 0x00000000fce00000| PB 0x00000000fce00000| Untracked 
|1999|0x00000000fcf00000, 0x00000000fcf00000, 0x00000000fd000000|  0%| F|  |TAMS 0x00000000fcf00000| PB 0x00000000fcf00000| Untracked 
|2000|0x00000000fd000000, 0x00000000fd000000, 0x00000000fd100000|  0%| F|  |TAMS 0x00000000fd000000| PB 0x00000000fd000000| Untracked 
|2001|0x00000000fd100000, 0x00000000fd100000, 0x00000000fd200000|  0%| F|  |TAMS 0x00000000fd100000| PB 0x00000000fd100000| Untracked 
|2002|0x00000000fd200000, 0x00000000fd200000, 0x00000000fd300000|  0%| F|  |TAMS 0x00000000fd200000| PB 0x00000000fd200000| Untracked 
|2003|0x00000000fd300000, 0x00000000fd300000, 0x00000000fd400000|  0%| F|  |TAMS 0x00000000fd300000| PB 0x00000000fd300000| Untracked 
|2004|0x00000000fd400000, 0x00000000fd400000, 0x00000000fd500000|  0%| F|  |TAMS 0x00000000fd400000| PB 0x00000000fd400000| Untracked 
|2005|0x00000000fd500000, 0x00000000fd500000, 0x00000000fd600000|  0%| F|  |TAMS 0x00000000fd500000| PB 0x00000000fd500000| Untracked 
|2006|0x00000000fd600000, 0x00000000fd600000, 0x00000000fd700000|  0%| F|  |TAMS 0x00000000fd600000| PB 0x00000000fd600000| Untracked 
|2007|0x00000000fd700000, 0x00000000fd700000, 0x00000000fd800000|  0%| F|  |TAMS 0x00000000fd700000| PB 0x00000000fd700000| Untracked 
|2008|0x00000000fd800000, 0x00000000fd800000, 0x00000000fd900000|  0%| F|  |TAMS 0x00000000fd800000| PB 0x00000000fd800000| Untracked 
|2009|0x00000000fd900000, 0x00000000fd900000, 0x00000000fda00000|  0%| F|  |TAMS 0x00000000fd900000| PB 0x00000000fd900000| Untracked 
|2010|0x00000000fda00000, 0x00000000fda00000, 0x00000000fdb00000|  0%| F|  |TAMS 0x00000000fda00000| PB 0x00000000fda00000| Untracked 
|2011|0x00000000fdb00000, 0x00000000fdb00000, 0x00000000fdc00000|  0%| F|  |TAMS 0x00000000fdb00000| PB 0x00000000fdb00000| Untracked 
|2012|0x00000000fdc00000, 0x00000000fdc00000, 0x00000000fdd00000|  0%| F|  |TAMS 0x00000000fdc00000| PB 0x00000000fdc00000| Untracked 
|2013|0x00000000fdd00000, 0x00000000fdd00000, 0x00000000fde00000|  0%| F|  |TAMS 0x00000000fdd00000| PB 0x00000000fdd00000| Untracked 
|2014|0x00000000fde00000, 0x00000000fde00000, 0x00000000fdf00000|  0%| F|  |TAMS 0x00000000fde00000| PB 0x00000000fde00000| Untracked 
|2015|0x00000000fdf00000, 0x00000000fdf00000, 0x00000000fe000000|  0%| F|  |TAMS 0x00000000fdf00000| PB 0x00000000fdf00000| Untracked 
|2016|0x00000000fe000000, 0x00000000fe000000, 0x00000000fe100000|  0%| F|  |TAMS 0x00000000fe000000| PB 0x00000000fe000000| Untracked 
|2017|0x00000000fe100000, 0x00000000fe100000, 0x00000000fe200000|  0%| F|  |TAMS 0x00000000fe100000| PB 0x00000000fe100000| Untracked 
|2018|0x00000000fe200000, 0x00000000fe200000, 0x00000000fe300000|  0%| F|  |TAMS 0x00000000fe200000| PB 0x00000000fe200000| Untracked 
|2019|0x00000000fe300000, 0x00000000fe300000, 0x00000000fe400000|  0%| F|  |TAMS 0x00000000fe300000| PB 0x00000000fe300000| Untracked 
|2020|0x00000000fe400000, 0x00000000fe400000, 0x00000000fe500000|  0%| F|  |TAMS 0x00000000fe400000| PB 0x00000000fe400000| Untracked 
|2021|0x00000000fe500000, 0x00000000fe600000, 0x00000000fe600000|100%| O|  |TAMS 0x00000000fe500000| PB 0x00000000fe500000| Untracked 
|2022|0x00000000fe600000, 0x00000000fe700000, 0x00000000fe700000|100%| O|  |TAMS 0x00000000fe600000| PB 0x00000000fe600000| Untracked 
|2023|0x00000000fe700000, 0x00000000fe800000, 0x00000000fe800000|100%| O|  |TAMS 0x00000000fe700000| PB 0x00000000fe700000| Untracked 
|2024|0x00000000fe800000, 0x00000000fe900000, 0x00000000fe900000|100%| O|  |TAMS 0x00000000fe800000| PB 0x00000000fe800000| Untracked 
|2025|0x00000000fe900000, 0x00000000fea00000, 0x00000000fea00000|100%| O|  |TAMS 0x00000000fe900000| PB 0x00000000fe900000| Untracked 
|2026|0x00000000fea00000, 0x00000000fea00000, 0x00000000feb00000|  0%| F|  |TAMS 0x00000000fea00000| PB 0x00000000fea00000| Untracked 
|2027|0x00000000feb00000, 0x00000000feb00000, 0x00000000fec00000|  0%| F|  |TAMS 0x00000000feb00000| PB 0x00000000feb00000| Untracked 
|2028|0x00000000fec00000, 0x00000000fec00000, 0x00000000fed00000|  0%| F|  |TAMS 0x00000000fec00000| PB 0x00000000fec00000| Untracked 
|2029|0x00000000fed00000, 0x00000000fed00000, 0x00000000fee00000|  0%| F|  |TAMS 0x00000000fed00000| PB 0x00000000fed00000| Untracked 
|2030|0x00000000fee00000, 0x00000000fee00000, 0x00000000fef00000|  0%| F|  |TAMS 0x00000000fee00000| PB 0x00000000fee00000| Untracked 
|2031|0x00000000fef00000, 0x00000000fef00000, 0x00000000ff000000|  0%| F|  |TAMS 0x00000000fef00000| PB 0x00000000fef00000| Untracked 
|2032|0x00000000ff000000, 0x00000000ff000000, 0x00000000ff100000|  0%| F|  |TAMS 0x00000000ff000000| PB 0x00000000ff000000| Untracked 
|2033|0x00000000ff100000, 0x00000000ff100000, 0x00000000ff200000|  0%| F|  |TAMS 0x00000000ff100000| PB 0x00000000ff100000| Untracked 
|2034|0x00000000ff200000, 0x00000000ff300000, 0x00000000ff300000|100%| O|  |TAMS 0x00000000ff200000| PB 0x00000000ff200000| Untracked 
|2035|0x00000000ff300000, 0x00000000ff400000, 0x00000000ff400000|100%| O|  |TAMS 0x00000000ff300000| PB 0x00000000ff300000| Untracked 
|2036|0x00000000ff400000, 0x00000000ff500000, 0x00000000ff500000|100%| O|  |TAMS 0x00000000ff400000| PB 0x00000000ff400000| Untracked 
|2037|0x00000000ff500000, 0x00000000ff500000, 0x00000000ff600000|  0%| F|  |TAMS 0x00000000ff500000| PB 0x00000000ff500000| Untracked 
|2038|0x00000000ff600000, 0x00000000ff600000, 0x00000000ff700000|  0%| F|  |TAMS 0x00000000ff600000| PB 0x00000000ff600000| Untracked 
|2039|0x00000000ff700000, 0x00000000ff700000, 0x00000000ff800000|  0%| F|  |TAMS 0x00000000ff700000| PB 0x00000000ff700000| Untracked 
|2040|0x00000000ff800000, 0x00000000ff800000, 0x00000000ff900000|  0%| F|  |TAMS 0x00000000ff800000| PB 0x00000000ff800000| Untracked 
|2041|0x00000000ff900000, 0x00000000ff900000, 0x00000000ffa00000|  0%| F|  |TAMS 0x00000000ff900000| PB 0x00000000ff900000| Untracked 
|2042|0x00000000ffa00000, 0x00000000ffa00000, 0x00000000ffb00000|  0%| F|  |TAMS 0x00000000ffa00000| PB 0x00000000ffa00000| Untracked 
|2043|0x00000000ffb00000, 0x00000000ffb00000, 0x00000000ffc00000|  0%| F|  |TAMS 0x00000000ffb00000| PB 0x00000000ffb00000| Untracked 
|2044|0x00000000ffc00000, 0x00000000ffc00000, 0x00000000ffd00000|  0%| F|  |TAMS 0x00000000ffc00000| PB 0x00000000ffc00000| Untracked 
|2045|0x00000000ffd00000, 0x00000000ffd00000, 0x00000000ffe00000|  0%| F|  |TAMS 0x00000000ffd00000| PB 0x00000000ffd00000| Untracked 
|2046|0x00000000ffe00000, 0x00000000ffe00000, 0x00000000fff00000|  0%| F|  |TAMS 0x00000000ffe00000| PB 0x00000000ffe00000| Untracked 
|2047|0x00000000fff00000, 0x0000000100000000, 0x0000000100000000|100%| O|  |TAMS 0x00000000fff00000| PB 0x00000000fff00000| Untracked 

Card table byte_map: [0x000001e9631b0000,0x000001e9635b0000] _byte_map_base: 0x000001e962db0000

Marking Bits: (CMBitMap*) 0x000001e950cb0a80
 Bits: [0x000001e9635b0000, 0x000001e9655b0000)

Polling page: 0x000001e950420000

Metaspace:

Usage:
  Non-class:    218.34 MB used.
      Class:     31.35 MB used.
       Both:    249.69 MB used.

Virtual space:
  Non-class space:      256.00 MB reserved,     219.56 MB ( 86%) committed,  4 nodes.
      Class space:        1.00 GB reserved,      32.56 MB (  3%) committed,  1 nodes.
             Both:        1.25 GB reserved,     252.12 MB ( 20%) committed. 

Chunk freelists:
   Non-Class:  3.70 MB
       Class:  15.35 MB
        Both:  19.05 MB

MaxMetaspaceSize: unlimited
CompressedClassSpaceSize: 1.00 GB
Initial GC threshold: 21.00 MB
Current GC threshold: 419.62 MB
CDS: off
 - commit_granule_bytes: 65536.
 - commit_granule_words: 8192.
 - virtual_space_node_default_size: 8388608.
 - enlarge_chunks_in_place: 1.
 - use_allocation_guard: 0.


Internal statistics:

num_allocs_failed_limit: 9.
num_arena_births: 7644.
num_arena_deaths: 2938.
num_vsnodes_births: 5.
num_vsnodes_deaths: 0.
num_space_committed: 4030.
num_space_uncommitted: 0.
num_chunks_returned_to_freelist: 3527.
num_chunks_taken_from_freelist: 20111.
num_chunk_merges: 1189.
num_chunk_splits: 12338.
num_chunks_enlarged: 7995.
num_inconsistent_stats: 0.

CodeHeap 'non-profiled nmethods': size=120000Kb used=18705Kb max_used=33093Kb free=101294Kb
 bounds [0x000001e95b880000, 0x000001e95d8e0000, 0x000001e962db0000]
CodeHeap 'profiled nmethods': size=120000Kb used=28330Kb max_used=56760Kb free=91669Kb
 bounds [0x000001e953db0000, 0x000001e957530000, 0x000001e95b2e0000]
CodeHeap 'non-nmethods': size=5760Kb used=3445Kb max_used=3560Kb free=2314Kb
 bounds [0x000001e95b2e0000, 0x000001e95b680000, 0x000001e95b880000]
 total_blobs=15366 nmethods=13962 adapters=1304
 compilation: enabled
              stopped_count=0, restarted_count=0
 full_count=0

Compilation events (20 events):
Event: 6602.035 Thread 0x000001e978aca530 nmethod 62185% 0x000001e95ba1ac10 code [0x000001e95ba1ae80, 0x000001e95ba1ba10]
Event: 6602.035 Thread 0x000001e978aca530 60941       4       com.android.tools.r8.internal.ve1::a (988 bytes)
Event: 6602.036 Thread 0x000001e967c7bc70 62190       1       com.android.tools.r8.internal.s34::o (2 bytes)
Event: 6602.037 Thread 0x000001e967c7bc70 nmethod 62190 0x000001e95d86e190 code [0x000001e95d86e320, 0x000001e95d86e3e8]
Event: 6602.051 Thread 0x000001e967c76400 nmethod 62129% 0x000001e95d8a2f10 code [0x000001e95d8a3560, 0x000001e95d8a9230]
Event: 6602.052 Thread 0x000001e967c76400 60695       4       com.android.tools.r8.internal.rd4::a (76 bytes)
Event: 6602.137 Thread 0x000001e967c7bc70 62191       3       java.util.IdentityHashMap$IdentityHashMapIterator::remove (317 bytes)
Event: 6602.138 Thread 0x000001e967c7bc70 nmethod 62191 0x000001e9544a4c10 code [0x000001e9544a4ee0, 0x000001e9544a62d0]
Event: 6602.151 Thread 0x000001e978aca530 nmethod 60941 0x000001e95c611310 code [0x000001e95c6115e0, 0x000001e95c6141f0]
Event: 6602.151 Thread 0x000001e978aca530 62192       4       com.android.tools.r8.internal.rc::d (98 bytes)
Event: 6602.165 Thread 0x000001e967c76400 nmethod 60695 0x000001e95c16d690 code [0x000001e95c16dac0, 0x000001e95c170670]
Event: 6602.166 Thread 0x000001e967c76400 62193       4       com.android.tools.r8.graph.u2::a (439 bytes)
Event: 6602.167 Thread 0x000001e967c7bc70 62194       2       com.android.tools.r8.synthesis.e0::a (86 bytes)
Event: 6602.170 Thread 0x000001e967c7bc70 nmethod 62194 0x000001e954ded810 code [0x000001e954dedba0, 0x000001e954dee7f8]
Event: 6602.170 Thread 0x000001e967c7bc70 62195       2       com.android.tools.r8.internal.l80::a (37 bytes)
Event: 6602.171 Thread 0x000001e967c7bc70 nmethod 62195 0x000001e9555a9f90 code [0x000001e9555aa160, 0x000001e9555aa4a8]
Event: 6602.188 Thread 0x000001e967c7bc70 62197       2       java.util.ArrayDeque::newCapacity (62 bytes)
Event: 6602.189 Thread 0x000001e967c7bc70 nmethod 62197 0x000001e95571c390 code [0x000001e95571c560, 0x000001e95571c7c8]
Event: 6602.190 Thread 0x000001e967c7bc70 62198       2       com.android.tools.r8.internal.rc$$Lambda/0x00000001020a1bc0::accept (12 bytes)
Event: 6602.191 Thread 0x000001e967c7bc70 nmethod 62198 0x000001e95571bf10 code [0x000001e95571c0c0, 0x000001e95571c218]

GC Heap History (20 events):
Event: 6582.465 GC heap after
{Heap after GC invocations=162 (full 0):
 garbage-first heap   total 562176K, used 264815K [0x0000000080000000, 0x0000000100000000)
  region size 1024K, 12 young (12288K), 12 survivors (12288K)
 Metaspace       used 255002K, committed 257472K, reserved 1310720K
  class space    used 32015K, committed 33216K, reserved 1048576K
}
Event: 6582.659 GC heap before
{Heap before GC invocations=162 (full 0):
 garbage-first heap   total 562176K, used 375407K [0x0000000080000000, 0x0000000100000000)
  region size 1024K, 121 young (123904K), 12 survivors (12288K)
 Metaspace       used 255035K, committed 257472K, reserved 1310720K
  class space    used 32015K, committed 33216K, reserved 1048576K
}
Event: 6582.676 GC heap after
{Heap after GC invocations=163 (full 0):
 garbage-first heap   total 562176K, used 263824K [0x0000000080000000, 0x0000000100000000)
  region size 1024K, 11 young (11264K), 11 survivors (11264K)
 Metaspace       used 255035K, committed 257472K, reserved 1310720K
  class space    used 32015K, committed 33216K, reserved 1048576K
}
Event: 6583.229 GC heap before
{Heap before GC invocations=163 (full 0):
 garbage-first heap   total 562176K, used 522896K [0x0000000080000000, 0x0000000100000000)
  region size 1024K, 263 young (269312K), 11 survivors (11264K)
 Metaspace       used 255063K, committed 257536K, reserved 1310720K
  class space    used 32015K, committed 33216K, reserved 1048576K
}
Event: 6583.255 GC heap after
{Heap after GC invocations=164 (full 0):
 garbage-first heap   total 779264K, used 265871K [0x0000000080000000, 0x0000000100000000)
  region size 1024K, 11 young (11264K), 11 survivors (11264K)
 Metaspace       used 255063K, committed 257536K, reserved 1310720K
  class space    used 32015K, committed 33216K, reserved 1048576K
}
Event: 6586.148 GC heap before
{Heap before GC invocations=165 (full 0):
 garbage-first heap   total 779264K, used 723599K [0x0000000080000000, 0x0000000100000000)
  region size 1024K, 456 young (466944K), 11 survivors (11264K)
 Metaspace       used 255085K, committed 257536K, reserved 1310720K
  class space    used 32016K, committed 33216K, reserved 1048576K
}
Event: 6586.206 GC heap after
{Heap after GC invocations=166 (full 0):
 garbage-first heap   total 779264K, used 269458K [0x0000000080000000, 0x0000000100000000)
  region size 1024K, 15 young (15360K), 15 survivors (15360K)
 Metaspace       used 255085K, committed 257536K, reserved 1310720K
  class space    used 32016K, committed 33216K, reserved 1048576K
}
Event: 6587.746 GC heap before
{Heap before GC invocations=166 (full 0):
 garbage-first heap   total 779264K, used 721042K [0x0000000080000000, 0x0000000100000000)
  region size 1024K, 456 young (466944K), 15 survivors (15360K)
 Metaspace       used 255086K, committed 257536K, reserved 1310720K
  class space    used 32017K, committed 33216K, reserved 1048576K
}
Event: 6587.883 GC heap after
{Heap after GC invocations=167 (full 0):
 garbage-first heap   total 779264K, used 269311K [0x0000000080000000, 0x0000000100000000)
  region size 1024K, 18 young (18432K), 18 survivors (18432K)
 Metaspace       used 255086K, committed 257536K, reserved 1310720K
  class space    used 32017K, committed 33216K, reserved 1048576K
}
Event: 6591.047 GC heap before
{Heap before GC invocations=167 (full 0):
 garbage-first heap   total 779264K, used 716799K [0x0000000080000000, 0x0000000100000000)
  region size 1024K, 456 young (466944K), 18 survivors (18432K)
 Metaspace       used 255242K, committed 257728K, reserved 1310720K
  class space    used 32042K, committed 33280K, reserved 1048576K
}
Event: 6591.078 GC heap after
{Heap after GC invocations=168 (full 0):
 garbage-first heap   total 779264K, used 279039K [0x0000000080000000, 0x0000000100000000)
  region size 1024K, 29 young (29696K), 29 survivors (29696K)
 Metaspace       used 255242K, committed 257728K, reserved 1310720K
  class space    used 32042K, committed 33280K, reserved 1048576K
}
Event: 6594.871 GC heap before
{Heap before GC invocations=169 (full 0):
 garbage-first heap   total 779264K, used 708095K [0x0000000080000000, 0x0000000100000000)
  region size 1024K, 449 young (459776K), 29 survivors (29696K)
 Metaspace       used 255358K, committed 257856K, reserved 1310720K
  class space    used 32056K, committed 33280K, reserved 1048576K
}
Event: 6595.150 GC heap after
{Heap after GC invocations=170 (full 0):
 garbage-first heap   total 837632K, used 377344K [0x0000000080000000, 0x0000000100000000)
  region size 1024K, 57 young (58368K), 57 survivors (58368K)
 Metaspace       used 255358K, committed 257856K, reserved 1310720K
  class space    used 32056K, committed 33280K, reserved 1048576K
}
Event: 6595.179 GC heap before
{Heap before GC invocations=170 (full 0):
 garbage-first heap   total 837632K, used 378368K [0x0000000080000000, 0x0000000100000000)
  region size 1024K, 58 young (59392K), 57 survivors (58368K)
 Metaspace       used 255358K, committed 257856K, reserved 1310720K
  class space    used 32056K, committed 33280K, reserved 1048576K
}
Event: 6595.307 GC heap after
{Heap after GC invocations=171 (full 0):
 garbage-first heap   total 837632K, used 379392K [0x0000000080000000, 0x0000000100000000)
  region size 1024K, 2 young (2048K), 2 survivors (2048K)
 Metaspace       used 255358K, committed 257856K, reserved 1310720K
  class space    used 32056K, committed 33280K, reserved 1048576K
}
Event: 6599.795 GC heap before
{Heap before GC invocations=171 (full 0):
 garbage-first heap   total 837632K, used 723456K [0x0000000080000000, 0x0000000100000000)
  region size 1024K, 339 young (347136K), 2 survivors (2048K)
 Metaspace       used 255497K, committed 257984K, reserved 1310720K
  class space    used 32069K, committed 33280K, reserved 1048576K
}
Event: 6599.895 GC heap after
{Heap after GC invocations=172 (full 0):
 garbage-first heap   total 837632K, used 428032K [0x0000000080000000, 0x0000000100000000)
  region size 1024K, 43 young (44032K), 43 survivors (44032K)
 Metaspace       used 255497K, committed 257984K, reserved 1310720K
  class space    used 32069K, committed 33280K, reserved 1048576K
}
Event: 6600.649 GC heap before
{Heap before GC invocations=172 (full 0):
 garbage-first heap   total 837632K, used 598016K [0x0000000080000000, 0x0000000100000000)
  region size 1024K, 209 young (214016K), 43 survivors (44032K)
 Metaspace       used 255633K, committed 258176K, reserved 1310720K
  class space    used 32087K, committed 33344K, reserved 1048576K
}
Event: 6600.744 GC heap after
{Heap after GC invocations=173 (full 0):
 garbage-first heap   total 837632K, used 430592K [0x0000000080000000, 0x0000000100000000)
  region size 1024K, 3 young (3072K), 3 survivors (3072K)
 Metaspace       used 255633K, committed 258176K, reserved 1310720K
  class space    used 32087K, committed 33344K, reserved 1048576K
}
Event: 6602.193 GC heap before
{Heap before GC invocations=173 (full 0):
 garbage-first heap   total 837632K, used 738816K [0x0000000080000000, 0x0000000100000000)
  region size 1024K, 304 young (311296K), 3 survivors (3072K)
 Metaspace       used 255679K, committed 258176K, reserved 1310720K
  class space    used 32097K, committed 33344K, reserved 1048576K
}

Dll operation events (3 events):
Event: 0.017 Loaded shared library C:\Program Files\Android\Android Studio\jbr\bin\java.dll
Event: 0.037 Loaded shared library C:\Program Files\Android\Android Studio\jbr\bin\zip.dll
Event: 1.037 Loaded shared library C:\Program Files\Android\Android Studio\jbr\bin\verify.dll

Deoptimization events (20 events):
Event: 6602.021 Thread 0x000001e97aa14df0 DEOPT PACKING pc=0x000001e954641580 sp=0x00000089ef7f91d0
Event: 6602.021 Thread 0x000001e97aa14df0 DEOPT UNPACKING pc=0x000001e95b334e42 sp=0x00000089ef7f8778 mode 0
Event: 6602.036 Thread 0x000001e97aa14df0 DEOPT PACKING pc=0x000001e954d5d0e6 sp=0x00000089ef7f9e80
Event: 6602.036 Thread 0x000001e97aa14df0 DEOPT UNPACKING pc=0x000001e95b334e42 sp=0x00000089ef7f9388 mode 0
Event: 6602.134 Thread 0x000001e97aa140d0 DEOPT PACKING pc=0x000001e954d5d0e6 sp=0x00000089efcf6f00
Event: 6602.134 Thread 0x000001e97aa140d0 DEOPT UNPACKING pc=0x000001e95b334e42 sp=0x00000089efcf6408 mode 0
Event: 6602.148 Thread 0x000001e97aa14df0 DEOPT PACKING pc=0x000001e9550561dc sp=0x00000089ef7f9e80
Event: 6602.148 Thread 0x000001e97aa14df0 DEOPT UNPACKING pc=0x000001e95b334e42 sp=0x00000089ef7f93b8 mode 0
Event: 6602.150 Thread 0x000001e97aa14df0 DEOPT PACKING pc=0x000001e9550561dc sp=0x00000089ef7f9e80
Event: 6602.150 Thread 0x000001e97aa14df0 DEOPT UNPACKING pc=0x000001e95b334e42 sp=0x00000089ef7f93b8 mode 0
Event: 6602.157 Thread 0x000001e97aa14df0 DEOPT PACKING pc=0x000001e9546417a0 sp=0x00000089ef7f94c0
Event: 6602.157 Thread 0x000001e97aa14df0 DEOPT UNPACKING pc=0x000001e95b334e42 sp=0x00000089ef7f8a68 mode 0
Event: 6602.159 Thread 0x000001e97aa16ec0 DEOPT PACKING pc=0x000001e9546417a0 sp=0x00000089ef5f9250
Event: 6602.159 Thread 0x000001e97aa16ec0 DEOPT UNPACKING pc=0x000001e95b334e42 sp=0x00000089ef5f87f8 mode 0
Event: 6602.161 Thread 0x000001e97aa14df0 DEOPT PACKING pc=0x000001e954641580 sp=0x00000089ef7f94c0
Event: 6602.161 Thread 0x000001e97aa14df0 DEOPT UNPACKING pc=0x000001e95b334e42 sp=0x00000089ef7f8a68 mode 0
Event: 6602.163 Thread 0x000001e97aa16ec0 DEOPT PACKING pc=0x000001e9542dbda3 sp=0x00000089ef5f98e0
Event: 6602.163 Thread 0x000001e97aa16ec0 DEOPT UNPACKING pc=0x000001e95b334e42 sp=0x00000089ef5f8e90 mode 0
Event: 6602.173 Thread 0x000001e97aa16ec0 DEOPT PACKING pc=0x000001e9546417a0 sp=0x00000089ef5f9540
Event: 6602.173 Thread 0x000001e97aa16ec0 DEOPT UNPACKING pc=0x000001e95b334e42 sp=0x00000089ef5f8ae8 mode 0

Classes loaded (20 events):
Event: 6573.648 Loading class com/sun/org/apache/xerces/internal/dom/DeepNodeListImpl
Event: 6573.649 Loading class com/sun/org/apache/xerces/internal/dom/DeepNodeListImpl done
Event: 6574.101 Loading class java/util/stream/Streams$1
Event: 6574.102 Loading class java/io/BufferedReader$1
Event: 6574.102 Loading class java/util/stream/Streams$1 done
Event: 6574.103 Loading class java/io/BufferedReader$1 done
Event: 6574.108 Loading class java/nio/file/FileChannelLinesSpliterator$1
Event: 6574.109 Loading class java/nio/file/FileChannelLinesSpliterator$1 done
Event: 6574.684 Loading class java/util/concurrent/Executors$DelegatedScheduledExecutorService
Event: 6574.686 Loading class java/util/concurrent/Executors$DelegatedScheduledExecutorService done
Event: 6575.064 Loading class java/util/zip/ZipFile$EntrySpliterator
Event: 6575.065 Loading class java/util/Spliterators$AbstractSpliterator
Event: 6575.065 Loading class java/util/Spliterators$AbstractSpliterator done
Event: 6575.065 Loading class java/util/zip/ZipFile$EntrySpliterator done
Event: 6578.858 Loading class sun/security/ssl/Alert
Event: 6578.859 Loading class sun/security/ssl/Alert done
Event: 6578.860 Loading class sun/security/ssl/Alert$AlertConsumer
Event: 6578.861 Loading class sun/security/ssl/Alert$AlertConsumer done
Event: 6578.861 Loading class sun/security/ssl/Alert$Level
Event: 6578.862 Loading class sun/security/ssl/Alert$Level done

Classes unloaded (20 events):
Event: 6566.087 Thread 0x000001e967aaf4c0 Unloading class 0x00000001009f6000 'java/lang/invoke/LambdaForm$MH+0x00000001009f6000'
Event: 6566.087 Thread 0x000001e967aaf4c0 Unloading class 0x00000001009f5400 'jdk/internal/reflect/GeneratedSerializationConstructorAccessor15'
Event: 6566.087 Thread 0x000001e967aaf4c0 Unloading class 0x0000000100aaa000 'ijKotlinCoroutineJvmDebugInit1_93x4rrjzhpd1k04afbhuinl9v$_run_closure1$_closure3'
Event: 6566.087 Thread 0x000001e967aaf4c0 Unloading class 0x00000001008429d0 'ijKotlinCoroutineJvmDebugInit1_93x4rrjzhpd1k04afbhuinl9v$_run_closure1$_closure2'
Event: 6566.087 Thread 0x000001e967aaf4c0 Unloading class 0x0000000100842588 'ijKotlinCoroutineJvmDebugInit1_93x4rrjzhpd1k04afbhuinl9v$_run_closure1'
Event: 6566.087 Thread 0x000001e967aaf4c0 Unloading class 0x0000000100842000 'ijKotlinCoroutineJvmDebugInit1_93x4rrjzhpd1k04afbhuinl9v'
Event: 6566.087 Thread 0x000001e967aaf4c0 Unloading class 0x0000000100aa5b00 'com/intellij/gradle/toolingExtension/impl/util/collectionUtil/GradleCollectionUtil'
Event: 6566.087 Thread 0x000001e967aaf4c0 Unloading class 0x0000000100aa58c0 'com/intellij/gradle/toolingExtension/impl/initScript/util/GradleJvmForkedDebuggerHelper$$Lambda+0x0000000100aa58c0'
Event: 6566.087 Thread 0x000001e967aaf4c0 Unloading class 0x0000000100aa5678 'com/intellij/gradle/toolingExtension/impl/initScript/util/GradleTasksUtil$$Lambda+0x0000000100aa5678'
Event: 6566.087 Thread 0x000001e967aaf4c0 Unloading class 0x0000000100aa5450 'com/intellij/gradle/toolingExtension/impl/initScript/util/GradleTasksUtil'
Event: 6566.087 Thread 0x000001e967aaf4c0 Unloading class 0x0000000100aa5228 'com/intellij/gradle/toolingExtension/impl/initScript/util/GradleDebuggerUtil'
Event: 6566.087 Thread 0x000001e967aaf4c0 Unloading class 0x0000000100aa5000 'com/intellij/gradle/toolingExtension/impl/initScript/util/GradleJvmForkedDebuggerHelper'
Event: 6566.087 Thread 0x000001e967aaf4c0 Unloading class 0x0000000100840c70 'com/intellij/gradle/toolingExtension/impl/initScript/util/GradleLifecycleUtil$$Lambda+0x0000000100840c70'
Event: 6566.087 Thread 0x000001e967aaf4c0 Unloading class 0x0000000100840a28 'com/intellij/gradle/toolingExtension/impl/initScript/util/GradleLifecycleUtil$$Lambda+0x0000000100840a28'
Event: 6566.087 Thread 0x000001e967aaf4c0 Unloading class 0x0000000100840800 'com/intellij/gradle/toolingExtension/util/GradleVersionUtil'
Event: 6566.087 Thread 0x000001e967aaf4c0 Unloading class 0x0000000100838c00 'com/intellij/gradle/toolingExtension/impl/initScript/util/GradleLifecycleUtil'
Event: 6566.087 Thread 0x000001e967aaf4c0 Unloading class 0x0000000100aa9000 'ijJvmDebugger1_e0ibgtp04hjqy43pfcra392z5$_run_closure1$_closure2'
Event: 6566.087 Thread 0x000001e967aaf4c0 Unloading class 0x0000000100840000 'ijJvmDebugger1_e0ibgtp04hjqy43pfcra392z5$_run_closure1'
Event: 6566.087 Thread 0x000001e967aaf4c0 Unloading class 0x0000000100839000 'ijJvmDebugger1_e0ibgtp04hjqy43pfcra392z5'
Event: 6566.088 Thread 0x000001e967aaf4c0 Unloading class 0x00000001000c1800 'java/lang/invoke/LambdaForm$MH+0x00000001000c1800'

Classes redefined (0 events):
No events

Internal exceptions (20 events):
Event: 6579.523 Thread 0x000001e97aa0b070 Exception <a 'sun/nio/fs/WindowsException'{0x000000009a583660}> (0x000000009a583660) 
thrown [s\src\hotspot\share\prims\jni.cpp, line 537]
Event: 6581.354 Thread 0x000001e97aa18900 Exception <a 'java/lang/NoSuchMethodError'{0x00000000994e3d10}: static Ljava/lang/Object;.<clinit>()V> (0x00000000994e3d10) 
thrown [s\src\hotspot\share\prims\jni.cpp, line 1144]
Event: 6581.427 Thread 0x000001e97aa12690 Exception <a 'java/lang/NoSuchMethodError'{0x00000000983be920}: 'int java.lang.invoke.DirectMethodHandle$Holder.invokeStaticInit(java.lang.Object, java.lang.Object, int)'> (0x00000000983be920) 
thrown [s\src\hotspot\share\interpreter\linkResolver.cpp, line 784]
Event: 6581.581 Thread 0x000001e97aa12690 Exception <a 'java/lang/NoSuchMethodError'{0x00000000975140c8}: 'int java.lang.invoke.DirectMethodHandle$Holder.invokeStatic(java.lang.Object, java.lang.Object, int, int)'> (0x00000000975140c8) 
thrown [s\src\hotspot\share\interpreter\linkResolver.cpp, line 784]
Event: 6590.305 Thread 0x000001e97aa18900 Exception <a 'java/lang/NoSuchMethodError'{0x0000000098fce0b0}: static Lorg/jetbrains/kotlin/buildtools/api/SourcesChanges$Known;.<clinit>()V> (0x0000000098fce0b0) 
thrown [s\src\hotspot\share\prims\jni.cpp, line 1144]
Event: 6590.318 Thread 0x000001e97aa18900 Exception <a 'java/lang/NoSuchMethodError'{0x0000000098e21408}: static Lorg/jetbrains/kotlin/incremental/ClasspathChanges$ClasspathSnapshotEnabled$IncrementalRun$ToBeComputedByIncrementalCompiler;.<clinit>()V> (0x0000000098e21408) 
thrown [s\src\hotspot\share\prims\jni.cpp, line 1144]
Event: 6590.318 Thread 0x000001e97aa18900 Exception <a 'java/lang/NoSuchMethodError'{0x0000000098e23458}: static Lorg/jetbrains/kotlin/incremental/ClasspathChanges$ClasspathSnapshotEnabled$IncrementalRun;.<clinit>()V> (0x0000000098e23458) 
thrown [s\src\hotspot\share\prims\jni.cpp, line 1144]
Event: 6590.318 Thread 0x000001e97aa18900 Exception <a 'java/lang/NoSuchMethodError'{0x0000000098e24f80}: static Lorg/jetbrains/kotlin/incremental/ClasspathChanges$ClasspathSnapshotEnabled;.<clinit>()V> (0x0000000098e24f80) 
thrown [s\src\hotspot\share\prims\jni.cpp, line 1144]
Event: 6590.318 Thread 0x000001e97aa18900 Exception <a 'java/lang/NoSuchMethodError'{0x0000000098e26dd0}: static Lorg/jetbrains/kotlin/incremental/ClasspathChanges;.<clinit>()V> (0x0000000098e26dd0) 
thrown [s\src\hotspot\share\prims\jni.cpp, line 1144]
Event: 6590.365 Thread 0x000001e97aa18900 Exception <a 'java/lang/NoSuchMethodError'{0x0000000098ea9030}: static Lorg/jetbrains/kotlin/gradle/report/GradleBuildMetricsReporter;.<clinit>()V> (0x0000000098ea9030) 
thrown [s\src\hotspot\share\prims\jni.cpp, line 1144]
Event: 6590.365 Thread 0x000001e97aa18900 Exception <a 'java/lang/NoSuchMethodError'{0x0000000098eabac0}: static Lorg/jetbrains/kotlin/build/report/metrics/BuildMetricsReporterImpl;.<clinit>()V> (0x0000000098eabac0) 
thrown [s\src\hotspot\share\prims\jni.cpp, line 1144]
Event: 6590.388 Thread 0x000001e97aa18900 Exception <a 'java/lang/NoSuchMethodError'{0x0000000098ef4c58}: static Lorg/jetbrains/kotlin/build/report/metrics/GcMetrics;.<clinit>()V> (0x0000000098ef4c58) 
thrown [s\src\hotspot\share\prims\jni.cpp, line 1144]
Event: 6590.653 Thread 0x000001e97a9da9a0 Exception <a 'java/lang/NoSuchMethodError'{0x0000000096199be0}: static Lorg/jetbrains/kotlin/daemon/common/LoopbackNetworkInterface$AbstractClientLoopbackSocketFactory;.<clinit>()V> (0x0000000096199be0) 
thrown [s\src\hotspot\share\prims\jni.cpp, line 1144]
Event: 6590.654 Thread 0x000001e97a9da9a0 Exception <a 'java/lang/NoSuchMethodError'{0x00000000961a59d0}: static Lorg/jetbrains/kotlin/daemon/common/LoopbackNetworkInterface$ClientLoopbackSocketFactory;.<clinit>()V> (0x00000000961a59d0) 
thrown [s\src\hotspot\share\prims\jni.cpp, line 1144]
Event: 6591.396 Thread 0x000001e97a9da9a0 Exception <a 'java/lang/NoSuchMethodError'{0x00000000ffd6c9a0}: static Lorg/jetbrains/kotlin/daemon/common/CompileService$CallResult;.<clinit>()V> (0x00000000ffd6c9a0) 
thrown [s\src\hotspot\share\prims\jni.cpp, line 1144]
Event: 6591.398 Thread 0x000001e97a9da9a0 Exception <a 'java/lang/NoSuchMethodError'{0x00000000ffd788a8}: static Lorg/jetbrains/kotlin/daemon/common/CompileService$CallResult$Good;.<clinit>()V> (0x00000000ffd788a8) 
thrown [s\src\hotspot\share\prims\jni.cpp, line 1144]
Event: 6591.400 Thread 0x000001e97a9da9a0 Exception <a 'java/lang/NoSuchMethodError'{0x00000000ffd856e0}: static Lorg/jetbrains/kotlin/daemon/common/DaemonJVMOptions;.<clinit>()V> (0x00000000ffd856e0) 
thrown [s\src\hotspot\share\prims\jni.cpp, line 1144]
Event: 6591.736 Thread 0x000001e97a9da9a0 Exception <a 'java/lang/NoSuchMethodError'{0x00000000fd807650}: static Lorg/jetbrains/kotlin/daemon/common/CompileService$CallResult$Ok;.<clinit>()V> (0x00000000fd807650) 
thrown [s\src\hotspot\share\prims\jni.cpp, line 1144]
Event: 6591.979 Thread 0x000001e97a9da9a0 Exception <a 'java/lang/NoSuchMethodError'{0x00000000fd7fc7f0}: static [Ljava/lang/Integer;.<clinit>()V> (0x00000000fd7fc7f0) 
thrown [s\src\hotspot\share\prims\jni.cpp, line 1144]
Event: 6600.044 Thread 0x000001e97aa14df0 Exception <a 'java/lang/NoSuchMethodError'{0x00000000fda07340}: 'java.lang.Object java.lang.invoke.DirectMethodHandle$Holder.invokeInterface(java.lang.Object, java.lang.Object, int)'> (0x00000000fda07340) 
thrown [s\src\hotspot\share\interpreter\linkResolver.cpp, line 784]

ZGC Phase Switch (0 events):
No events

VM Operations (20 events):
Event: 6599.556 Executing VM operation: HandshakeAllThreads (Deoptimize) done
Event: 6599.730 Executing VM operation: ICBufferFull
Event: 6599.733 Executing VM operation: ICBufferFull done
Event: 6599.779 Executing VM operation: HandshakeAllThreads (Deoptimize)
Event: 6599.780 Executing VM operation: HandshakeAllThreads (Deoptimize) done
Event: 6599.788 Executing VM operation: G1CollectForAllocation (G1 Evacuation Pause)
Event: 6599.895 Executing VM operation: G1CollectForAllocation (G1 Evacuation Pause) done
Event: 6600.037 Executing VM operation: HandshakeAllThreads (Deoptimize)
Event: 6600.040 Executing VM operation: HandshakeAllThreads (Deoptimize) done
Event: 6600.170 Executing VM operation: HandshakeAllThreads (Deoptimize)
Event: 6600.173 Executing VM operation: HandshakeAllThreads (Deoptimize) done
Event: 6600.248 Executing VM operation: ICBufferFull
Event: 6600.249 Executing VM operation: ICBufferFull done
Event: 6600.570 Executing VM operation: HandshakeAllThreads (Deoptimize)
Event: 6600.573 Executing VM operation: HandshakeAllThreads (Deoptimize) done
Event: 6600.649 Executing VM operation: G1CollectForAllocation (G1 Evacuation Pause)
Event: 6600.744 Executing VM operation: G1CollectForAllocation (G1 Evacuation Pause) done
Event: 6601.744 Executing VM operation: Cleanup
Event: 6601.747 Executing VM operation: Cleanup done
Event: 6602.192 Executing VM operation: G1CollectForAllocation (G1 Evacuation Pause)

Memory protections (0 events):
No events

Nmethod flushes (20 events):
Event: 6592.413 Thread 0x000001e967aaf4c0 flushing  nmethod 0x000001e9574a2010
Event: 6592.413 Thread 0x000001e967aaf4c0 flushing  nmethod 0x000001e9574a4810
Event: 6592.413 Thread 0x000001e967aaf4c0 flushing  nmethod 0x000001e9574a5510
Event: 6592.413 Thread 0x000001e967aaf4c0 flushing  nmethod 0x000001e9574a7410
Event: 6592.413 Thread 0x000001e967aaf4c0 flushing  nmethod 0x000001e9574a7810
Event: 6592.413 Thread 0x000001e967aaf4c0 flushing  nmethod 0x000001e9574aa390
Event: 6592.413 Thread 0x000001e967aaf4c0 flushing  nmethod 0x000001e9574ca490
Event: 6592.413 Thread 0x000001e967aaf4c0 flushing  nmethod 0x000001e9574cb010
Event: 6592.413 Thread 0x000001e967aaf4c0 flushing  nmethod 0x000001e9574cb590
Event: 6592.413 Thread 0x000001e967aaf4c0 flushing  nmethod 0x000001e9574cba10
Event: 6592.413 Thread 0x000001e967aaf4c0 flushing  nmethod 0x000001e9574cbe10
Event: 6592.413 Thread 0x000001e967aaf4c0 flushing  nmethod 0x000001e9574cc890
Event: 6592.413 Thread 0x000001e967aaf4c0 flushing  nmethod 0x000001e9574ccd90
Event: 6592.413 Thread 0x000001e967aaf4c0 flushing  nmethod 0x000001e9574d0b10
Event: 6592.413 Thread 0x000001e967aaf4c0 flushing  nmethod 0x000001e9574d1090
Event: 6592.413 Thread 0x000001e967aaf4c0 flushing  nmethod 0x000001e9574d1e90
Event: 6592.413 Thread 0x000001e967aaf4c0 flushing  nmethod 0x000001e9574d5690
Event: 6592.413 Thread 0x000001e967aaf4c0 flushing  nmethod 0x000001e9574dbd10
Event: 6592.413 Thread 0x000001e967aaf4c0 flushing  nmethod 0x000001e9574dc410
Event: 6592.413 Thread 0x000001e967aaf4c0 flushing  nmethod 0x000001e9574dec10

Events (20 events):
Event: 6574.722 Thread 0x000001e970742ed0 Thread added: 0x000001e97132aaf0
Event: 6575.004 Thread 0x000001e97aa140d0 Thread added: 0x000001e971327670
Event: 6575.005 Thread 0x000001e97aa140d0 Thread added: 0x000001e971326950
Event: 6575.005 Thread 0x000001e97aa140d0 Thread added: 0x000001e97a9d8240
Event: 6575.590 Thread 0x000001e9789c62f0 Thread exited: 0x000001e9789c62f0
Event: 6576.579 Thread 0x000001e967c76400 Thread added: 0x000001e9789c62f0
Event: 6576.870 Thread 0x000001e9789c62f0 Thread exited: 0x000001e9789c62f0
Event: 6576.944 Thread 0x000001e967c76400 Thread added: 0x000001e978ac67e0
Event: 6578.789 Thread 0x000001e978ac67e0 Thread exited: 0x000001e978ac67e0
Event: 6579.014 Thread 0x000001e967c76400 Thread added: 0x000001e978aca530
Event: 6579.192 Thread 0x000001e978aca530 Thread exited: 0x000001e978aca530
Event: 6589.243 Thread 0x000001e967c7bc70 Thread added: 0x000001e978aca530
Event: 6589.587 Thread 0x000001e978aca530 Thread exited: 0x000001e978aca530
Event: 6589.712 Thread 0x000001e967c7bc70 Thread added: 0x000001e978aca530
Event: 6590.286 Thread 0x000001e978aca530 Thread exited: 0x000001e978aca530
Event: 6590.657 Thread 0x000001e97a9da9a0 Thread added: 0x000001e9797c34e0
Event: 6590.657 Thread 0x000001e97a9da9a0 Thread added: 0x000001e9797c1aa0
Event: 6590.667 Thread 0x000001e967c7bc70 Thread added: 0x000001e978aca530
Event: 6591.767 Thread 0x000001e97a9da9a0 Thread added: 0x000001e9797c2130
Event: 6594.014 Thread 0x000001e971323b60 Thread added: 0x000001e96d8f2680


Dynamic libraries:
0x00007ff766ea0000 - 0x00007ff766eaa000 	C:\Program Files\Android\Android Studio\jbr\bin\java.exe
0x00007ffe820b0000 - 0x00007ffe822c7000 	C:\Windows\SYSTEM32\ntdll.dll
0x00007ffe80b90000 - 0x00007ffe80c54000 	C:\Windows\System32\KERNEL32.DLL
0x00007ffe7f810000 - 0x00007ffe7fbc7000 	C:\Windows\System32\KERNELBASE.dll
0x00007ffe7f3c0000 - 0x00007ffe7f4d1000 	C:\Windows\System32\ucrtbase.dll
0x00007ffe5e520000 - 0x00007ffe5e538000 	C:\Program Files\Android\Android Studio\jbr\bin\jli.dll
0x00007ffe7ffc0000 - 0x00007ffe8016f000 	C:\Windows\System32\USER32.dll
0x00007ffe7fbd0000 - 0x00007ffe7fbf6000 	C:\Windows\System32\win32u.dll
0x00007ffe7fde0000 - 0x00007ffe7fe09000 	C:\Windows\System32\GDI32.dll
0x00007ffe7f640000 - 0x00007ffe7f758000 	C:\Windows\System32\gdi32full.dll
0x00007ffe7f4e0000 - 0x00007ffe7f57a000 	C:\Windows\System32\msvcp_win.dll
0x00007ffe777e0000 - 0x00007ffe777fb000 	C:\Program Files\Android\Android Studio\jbr\bin\VCRUNTIME140.dll
0x00007ffe6bff0000 - 0x00007ffe6c283000 	C:\Windows\WinSxS\amd64_microsoft.windows.common-controls_6595b64144ccf1df_6.0.22621.3672_none_2713b9d173822955\COMCTL32.dll
0x00007ffe80ae0000 - 0x00007ffe80b87000 	C:\Windows\System32\msvcrt.dll
0x00007ffe810b0000 - 0x00007ffe810e1000 	C:\Windows\System32\IMM32.DLL
0x00007ffe77d30000 - 0x00007ffe77d3c000 	C:\Program Files\Android\Android Studio\jbr\bin\vcruntime140_1.dll
0x00007ffe39120000 - 0x00007ffe391ad000 	C:\Program Files\Android\Android Studio\jbr\bin\msvcp140.dll
0x00007ffe2d990000 - 0x00007ffe2e61e000 	C:\Program Files\Android\Android Studio\jbr\bin\server\jvm.dll
0x00007ffe81e60000 - 0x00007ffe81f12000 	C:\Windows\System32\ADVAPI32.dll
0x00007ffe80c70000 - 0x00007ffe80d18000 	C:\Windows\System32\sechost.dll
0x00007ffe7f7e0000 - 0x00007ffe7f808000 	C:\Windows\System32\bcrypt.dll
0x00007ffe80280000 - 0x00007ffe80394000 	C:\Windows\System32\RPCRT4.dll
0x00007ffe80950000 - 0x00007ffe809c1000 	C:\Windows\System32\WS2_32.dll
0x00007ffe7e270000 - 0x00007ffe7e2bd000 	C:\Windows\SYSTEM32\POWRPROF.dll
0x00007ffe7a460000 - 0x00007ffe7a494000 	C:\Windows\SYSTEM32\WINMM.dll
0x00007ffe783c0000 - 0x00007ffe783ca000 	C:\Windows\SYSTEM32\VERSION.dll
0x00007ffe7e250000 - 0x00007ffe7e263000 	C:\Windows\SYSTEM32\UMPDC.dll
0x00007ffe7e500000 - 0x00007ffe7e518000 	C:\Windows\SYSTEM32\kernel.appcore.dll
0x00007ffe587b0000 - 0x00007ffe587ba000 	C:\Program Files\Android\Android Studio\jbr\bin\jimage.dll
0x00007ffe7cce0000 - 0x00007ffe7cf12000 	C:\Windows\SYSTEM32\DBGHELP.DLL
0x00007ffe80d20000 - 0x00007ffe810ae000 	C:\Windows\System32\combase.dll
0x00007ffe81f80000 - 0x00007ffe82057000 	C:\Windows\System32\OLEAUT32.dll
0x00007ffe66b30000 - 0x00007ffe66b62000 	C:\Windows\SYSTEM32\dbgcore.DLL
0x00007ffe7f760000 - 0x00007ffe7f7db000 	C:\Windows\System32\bcryptPrimitives.dll
0x00007ffe78370000 - 0x00007ffe7837e000 	C:\Program Files\Android\Android Studio\jbr\bin\instrument.dll
0x00007ffe58790000 - 0x00007ffe587b0000 	C:\Program Files\Android\Android Studio\jbr\bin\java.dll
0x00007ffe58770000 - 0x00007ffe58788000 	C:\Program Files\Android\Android Studio\jbr\bin\zip.dll
0x00007ffe81170000 - 0x00007ffe819d9000 	C:\Windows\System32\SHELL32.dll
0x00007ffe7d340000 - 0x00007ffe7dc3f000 	C:\Windows\SYSTEM32\windows.storage.dll
0x00007ffe7d200000 - 0x00007ffe7d33f000 	C:\Windows\SYSTEM32\wintypes.dll
0x00007ffe809d0000 - 0x00007ffe80ac9000 	C:\Windows\System32\SHCORE.dll
0x00007ffe81f20000 - 0x00007ffe81f7e000 	C:\Windows\System32\shlwapi.dll
0x00007ffe7f2f0000 - 0x00007ffe7f317000 	C:\Windows\SYSTEM32\profapi.dll
0x00007ffe75c70000 - 0x00007ffe75c80000 	C:\Program Files\Android\Android Studio\jbr\bin\net.dll
0x00007ffe7b2d0000 - 0x00007ffe7b406000 	C:\Windows\SYSTEM32\WINHTTP.dll
0x00007ffe7e970000 - 0x00007ffe7e9d9000 	C:\Windows\system32\mswsock.dll
0x00007ffe71870000 - 0x00007ffe71886000 	C:\Program Files\Android\Android Studio\jbr\bin\nio.dll
0x00007ffe71430000 - 0x00007ffe71440000 	C:\Program Files\Android\Android Studio\jbr\bin\verify.dll
0x00007ffe5fa10000 - 0x00007ffe5fa37000 	C:\Users\38761\.gradle\native\1def1411415f61bf3af743bc5b6707747c0891f09f0c88961ee8f79bc544acac\windows-amd64\native-platform.dll
0x00007ffe39200000 - 0x00007ffe39278000 	C:\Users\38761\.gradle\native\0.2.7\x86_64-windows-gnu\gradle-fileevents.dll
0x00007ffe71810000 - 0x00007ffe71819000 	C:\Program Files\Android\Android Studio\jbr\bin\management.dll
0x00007ffe71450000 - 0x00007ffe7145b000 	C:\Program Files\Android\Android Studio\jbr\bin\management_ext.dll
0x00007ffe80c60000 - 0x00007ffe80c68000 	C:\Windows\System32\PSAPI.DLL
0x00007ffe7df10000 - 0x00007ffe7df3d000 	C:\Windows\SYSTEM32\IPHLPAPI.DLL
0x00007ffe80ad0000 - 0x00007ffe80ad9000 	C:\Windows\System32\NSI.dll
0x00007ffe75c60000 - 0x00007ffe75c69000 	C:\Program Files\Android\Android Studio\jbr\bin\extnet.dll
0x00007ffe7ebc0000 - 0x00007ffe7ebdb000 	C:\Windows\SYSTEM32\CRYPTSP.dll
0x00007ffe7e460000 - 0x00007ffe7e495000 	C:\Windows\system32\rsaenh.dll
0x00007ffe7ea60000 - 0x00007ffe7ea88000 	C:\Windows\SYSTEM32\USERENV.dll
0x00007ffe7ebe0000 - 0x00007ffe7ebec000 	C:\Windows\SYSTEM32\CRYPTBASE.dll
0x00007ffe7a4d0000 - 0x00007ffe7a4d8000 	C:\Windows\system32\wshunix.dll
0x00007ffe5e770000 - 0x00007ffe5e787000 	C:\Windows\system32\napinsp.dll
0x00007ffe5e750000 - 0x00007ffe5e76b000 	C:\Windows\system32\pnrpnsp.dll
0x00007ffe7df40000 - 0x00007ffe7e042000 	C:\Windows\SYSTEM32\DNSAPI.dll
0x00007ffe5e730000 - 0x00007ffe5e741000 	C:\Windows\System32\winrnr.dll
0x00007ffe5e710000 - 0x00007ffe5e725000 	C:\Windows\system32\wshbth.dll
0x00007ffe5e6b0000 - 0x00007ffe5e6d7000 	C:\Windows\system32\nlansp_c.dll
0x00007ffe78060000 - 0x00007ffe7806a000 	C:\Windows\System32\rasadhlp.dll
0x00007ffe7a330000 - 0x00007ffe7a3b3000 	C:\Windows\System32\fwpuclnt.dll
0x00007ffe78230000 - 0x00007ffe78237000 	C:\Program Files\Android\Android Studio\jbr\bin\rmi.dll

dbghelp: loaded successfully - version: 4.0.5 - missing functions: none
symbol engine: initialized successfully - sym options: 0x614 - pdb path: .;C:\Program Files\Android\Android Studio\jbr\bin;C:\Windows\SYSTEM32;C:\Windows\WinSxS\amd64_microsoft.windows.common-controls_6595b64144ccf1df_6.0.22621.3672_none_2713b9d173822955;C:\Program Files\Android\Android Studio\jbr\bin\server;C:\Users\38761\.gradle\native\1def1411415f61bf3af743bc5b6707747c0891f09f0c88961ee8f79bc544acac\windows-amd64;C:\Users\38761\.gradle\native\0.2.7\x86_64-windows-gnu

VM Arguments:
jvm_args: --add-opens=java.base/java.lang=ALL-UNNAMED --add-opens=java.base/java.lang.invoke=ALL-UNNAMED --add-opens=java.base/java.util=ALL-UNNAMED --add-opens=java.prefs/java.util.prefs=ALL-UNNAMED --add-exports=jdk.compiler/com.sun.tools.javac.api=ALL-UNNAMED --add-exports=jdk.compiler/com.sun.tools.javac.util=ALL-UNNAMED --add-opens=java.base/java.util=ALL-UNNAMED --add-opens=java.prefs/java.util.prefs=ALL-UNNAMED --add-opens=java.base/java.nio.charset=ALL-UNNAMED --add-opens=java.base/java.net=ALL-UNNAMED --add-opens=java.base/java.util.concurrent.atomic=ALL-UNNAMED --add-opens=java.xml/javax.xml.namespace=ALL-UNNAMED -Xmx2048m -Dfile.encoding=UTF-8 -Duser.country=US -Duser.language=en -Duser.variant -javaagent:C:\Users\38761\.gradle\wrapper\dists\gradle-8.13-bin\5xuhj0ry160q40clulazy9h7d\gradle-8.13\lib\agents\gradle-instrumentation-agent-8.13.jar 
java_command: org.gradle.launcher.daemon.bootstrap.GradleDaemon 8.13
java_class_path (initial): C:\Users\38761\.gradle\wrapper\dists\gradle-8.13-bin\5xuhj0ry160q40clulazy9h7d\gradle-8.13\lib\gradle-daemon-main-8.13.jar
Launcher Type: SUN_STANDARD

[Global flags]
     intx CICompilerCount                          = 3                                         {product} {ergonomic}
     uint ConcGCThreads                            = 1                                         {product} {ergonomic}
     uint G1ConcRefinementThreads                  = 4                                         {product} {ergonomic}
   size_t G1HeapRegionSize                         = 1048576                                   {product} {ergonomic}
    uintx GCDrainStackTargetSize                   = 64                                        {product} {ergonomic}
   size_t InitialHeapSize                          = 134217728                                 {product} {ergonomic}
   size_t MarkStackSize                            = 4194304                                   {product} {ergonomic}
   size_t MaxHeapSize                              = 2147483648                                {product} {command line}
   size_t MaxNewSize                               = 1287651328                                {product} {ergonomic}
   size_t MinHeapDeltaBytes                        = 1048576                                   {product} {ergonomic}
   size_t MinHeapSize                              = 8388608                                   {product} {ergonomic}
    uintx NonNMethodCodeHeapSize                   = 5832780                                {pd product} {ergonomic}
    uintx NonProfiledCodeHeapSize                  = 122912730                              {pd product} {ergonomic}
    uintx ProfiledCodeHeapSize                     = 122912730                              {pd product} {ergonomic}
    uintx ReservedCodeCacheSize                    = 251658240                              {pd product} {ergonomic}
     bool SegmentedCodeCache                       = true                                      {product} {ergonomic}
   size_t SoftMaxHeapSize                          = 2147483648                             {manageable} {ergonomic}
     bool UseCompressedOops                        = true                           {product lp64_product} {ergonomic}
     bool UseG1GC                                  = true                                      {product} {ergonomic}
     bool UseLargePagesIndividualAllocation        = false                                  {pd product} {ergonomic}

Logging:
Log output configuration:
 #0: stdout all=warning uptime,level,tags foldmultilines=false
 #1: stderr all=off uptime,level,tags foldmultilines=false

Environment Variables:
PATH=C:\Program Files (x86)\Common Files\Oracle\Java\java8path;C:\Program Files (x86)\Common Files\Oracle\Java\javapath;C:\Windows\system32;C:\Windows;C:\Windows\System32\Wbem;C:\Windows\System32\WindowsPowerShell\v1.0\;C:\Windows\System32\OpenSSH\;C:\Program Files\Git\cmd;C:\Program Files\MySQL\MySQL Shell 8.0\bin\;C:\Users\38761\AppData\Local\Microsoft\WindowsApps;C:\Program Files (x86)\Nmap;C:\Users\38761\AppData\Local\Programs\Microsoft VS Code\bin;C:\Users\38761\AppData\Local\GitHubDesktop\bin
USERNAME=38761
OS=Windows_NT
PROCESSOR_IDENTIFIER=Intel64 Family 6 Model 142 Stepping 9, GenuineIntel
TMP=C:\Users\38761\AppData\Local\Temp
TEMP=C:\Users\38761\AppData\Local\Temp




Periodic native trim disabled

JNI global refs:
JNI global refs: 29, weak refs: 1058

JNI global refs memory usage: 835, weak refs: 11137

Process memory usage:
Resident Set Size: 1068844K (12% of 8270856K total physical memory with 411904K free physical memory)

OOME stack traces (most recent first):
Classloader memory used:
Loader org.gradle.internal.classloader.VisitableURLClassLoader                         : 112M
Loader org.gradle.internal.classloader.VisitableURLClassLoader$InstrumentingVisitableURLClassLoader: 69895K
Loader bootstrap                                                                       : 38431K
Loader org.gradle.initialization.MixInLegacyTypesClassLoader                           : 16030K
Loader org.gradle.internal.classloader.VisitableURLClassLoader                         : 8733K
Loader java.net.URLClassLoader                                                         : 5123K
Loader jdk.internal.reflect.DelegatingClassLoader                                      : 1071K
Loader jdk.internal.loader.ClassLoaders$PlatformClassLoader                            : 800K
Loader jdk.internal.jrtfs.JrtFileSystemProvider$JrtFsLoader                            : 340K
Loader jdk.internal.loader.ClassLoaders$AppClassLoader                                 : 235K
Loader org.gradle.groovy.scripts.internal.DefaultScriptCompilationHandler$ScriptClassLoader: 224K
Loader org.codehaus.groovy.runtime.callsite.CallSiteClassLoader                        : 76624B
Loader sun.reflect.misc.MethodUtil                                                     : 2968B

Classes loaded by more than one classloader:
Class Program                                                                         : loaded 6 times (x 70B)
Class Build_gradle$1                                                                  : loaded 4 times (x 72B)
Class Build_gradle                                                                    : loaded 4 times (x 128B)
Class kotlin.NotImplementedError                                                      : loaded 3 times (x 80B)
Class kotlin.text.StringsKt__StringsKt                                                : loaded 3 times (x 69B)
Class kotlin.collections.CollectionsKt                                                : loaded 3 times (x 69B)
Class kotlin.io.NoSuchFileException                                                   : loaded 3 times (x 80B)
Class com.google.common.collect.ImmutableList$SubList                                 : loaded 3 times (x 207B)
Class com.google.common.collect.RegularImmutableMap$KeySet                            : loaded 3 times (x 150B)
Class com.google.common.collect.ForwardingObject                                      : loaded 3 times (x 70B)
Class com.google.common.collect.ImmutableSet$SetBuilderImpl                           : loaded 3 times (x 74B)
Class com.google.common.collect.ImmutableList                                         : loaded 3 times (x 204B)
Class com.google.common.collect.Iterators$MergingIterator                             : loaded 3 times (x 79B)
Class kotlin.jvm.internal.markers.KMappedMarker                                       : loaded 3 times (x 68B)
Class com.google.common.base.CharMatcher$InRange                                      : loaded 3 times (x 109B)
Class com.google.common.collect.ImmutableSet$Builder                                  : loaded 3 times (x 83B)
Class com.google.common.collect.SetMultimap                                           : loaded 3 times (x 68B)
Class com.google.common.collect.ImmutableMapEntrySet$RegularEntrySet                  : loaded 3 times (x 150B)
Class kotlin.jvm.internal.CollectionToArray                                           : loaded 3 times (x 69B)
Class kotlin.NoWhenBranchMatchedException                                             : loaded 3 times (x 80B)
Class com.google.common.collect.RangeSet                                              : loaded 3 times (x 68B)
Class kotlin.text.StringsKt__StringBuilderKt                                          : loaded 3 times (x 69B)
Class kotlin.io.FilesKt__FileTreeWalkKt                                               : loaded 3 times (x 69B)
Class kotlin.sequences.FilteringSequence$iterator$1                                   : loaded 3 times (x 77B)
Class kotlin.sequences.SequencesKt__SequenceBuilderKt                                 : loaded 3 times (x 69B)
Class kotlin.collections.CollectionsKt__ReversedViewsKt                               : loaded 3 times (x 69B)
Class kotlin.jvm.internal.CallableReference$NoReceiver                                : loaded 3 times (x 69B)
Class com.google.common.collect.RangeGwtSerializationDependencies                     : loaded 3 times (x 69B)
Class com.google.common.base.Joiner$2                                                 : loaded 3 times (x 78B)
Class com.google.common.base.CharMatcher$NamedFastMatcher                             : loaded 3 times (x 110B)
Class com.google.common.base.CharMatcher$IsEither                                     : loaded 3 times (x 109B)
Class com.google.common.base.CharMatcher$1                                            : loaded 3 times (x 111B)
Class kotlin.collections.ArraysKt__ArraysJVMKt                                        : loaded 3 times (x 69B)
Class com.google.common.collect.PeekingIterator                                       : loaded 3 times (x 68B)
Class com.google.common.base.Joiner$1                                                 : loaded 3 times (x 79B)
Class com.google.common.base.CharMatcher                                              : loaded 3 times (x 109B)
Class com.google.common.collect.ImmutableSetMultimap                                  : loaded 3 times (x 178B)
Class kotlin.collections.SetsKt__SetsKt                                               : loaded 3 times (x 69B)
Class com.google.common.base.Preconditions                                            : loaded 3 times (x 69B)
Class kotlin.collections.ArraysKt                                                     : loaded 3 times (x 69B)
Class com.google.common.base.CharMatcher$Is                                           : loaded 3 times (x 109B)
Class com.google.common.collect.ImmutableList$1                                       : loaded 3 times (x 95B)
Class com.google.common.base.CharMatcher$Negated                                      : loaded 3 times (x 111B)
Class kotlin.ranges.RangesKt___RangesKt                                               : loaded 3 times (x 69B)
Class kotlin.KotlinNullPointerException                                               : loaded 3 times (x 81B)
Class com.google.common.collect.RegularImmutableMap$BucketOverflowException           : loaded 3 times (x 80B)
Class kotlin.collections.CollectionsKt__IterablesKt                                   : loaded 3 times (x 69B)
Class kotlin.collections.MapsKt                                                       : loaded 3 times (x 69B)
Class kotlin.jvm.internal.Intrinsics                                                  : loaded 3 times (x 69B)
Class kotlin.reflect.KAnnotatedElement                                                : loaded 3 times (x 68B)
Class com.google.common.collect.ImmutableRangeSet$ComplementRanges                    : loaded 3 times (x 205B)
Class com.google.common.collect.ImmutableSet$RegularSetBuilderImpl                    : loaded 3 times (x 75B)
Class org.gradle.internal.IoActions                                                   : loaded 3 times (x 69B)
Class kotlin.text.StringsKt___StringsKt                                               : loaded 3 times (x 69B)
Class com.google.common.collect.RegularImmutableSet                                   : loaded 3 times (x 147B)
Class kotlin.collections.CollectionsKt__MutableCollectionsJVMKt                       : loaded 3 times (x 69B)
Class kotlin.collections.MapsKt__MapWithDefaultKt                                     : loaded 3 times (x 69B)
Class kotlin.collections.ArraysKt___ArraysKt                                          : loaded 3 times (x 69B)
Class com.google.common.collect.RegularImmutableMap                                   : loaded 3 times (x 119B)
Class com.google.common.collect.ImmutableMap$MapViewOfValuesAsSingletonSets           : loaded 3 times (x 124B)
Class kotlin.io.FilesKt                                                               : loaded 3 times (x 69B)
Class kotlin.collections.MapsKt___MapsKt                                              : loaded 3 times (x 69B)
Class kotlin.text.StringsKt___StringsJvmKt                                            : loaded 3 times (x 69B)
Class kotlin.reflect.KDeclarationContainer                                            : loaded 3 times (x 68B)
Class org.gradle.api.GradleException                                                  : loaded 3 times (x 80B)
Class com.google.common.collect.ImmutableEntry                                        : loaded 3 times (x 80B)
Class [Lcom.google.common.collect.AbstractMapEntry;                                   : loaded 3 times (x 67B)
Class kotlin.collections.CollectionsKt___CollectionsKt                                : loaded 3 times (x 69B)
Class kotlin.collections.EmptySet                                                     : loaded 3 times (x 120B)
Class com.google.common.collect.AbstractRangeSet                                      : loaded 3 times (x 112B)
Class com.google.common.base.CharMatcher$NegatedFastMatcher                           : loaded 3 times (x 111B)
Class com.google.common.collect.UnmodifiableListIterator                              : loaded 3 times (x 93B)
Class kotlin.collections.MapsKt___MapsJvmKt                                           : loaded 3 times (x 69B)
Class com.google.common.base.Predicate                                                : loaded 3 times (x 68B)
Class com.google.common.collect.ImmutableMap                                          : loaded 3 times (x 118B)
Class kotlin.jvm.functions.Function2                                                  : loaded 3 times (x 68B)
Class com.google.common.base.CharMatcher$FastMatcher                                  : loaded 3 times (x 109B)
Class kotlin.jvm.functions.Function1                                                  : loaded 3 times (x 68B)
Class org.gradle.internal.Cast                                                        : loaded 3 times (x 69B)
Class org.gradle.api.Action                                                           : loaded 3 times (x 68B)
Class com.google.common.collect.ImmutableList$SerializedForm                          : loaded 3 times (x 71B)
Class kotlin.jvm.functions.Function0                                                  : loaded 3 times (x 68B)
Class org.jetbrains.kotlin.name.FqNameUnsafe$1                                        : loaded 3 times (x 72B)
Class kotlin.collections.ArraysUtilJVM                                                : loaded 3 times (x 69B)
Class kotlin.ranges.RangesKt                                                          : loaded 3 times (x 69B)
Class com.google.common.base.CharMatcher$Or                                           : loaded 3 times (x 110B)
Class kotlin.sequences.SequencesKt___SequencesJvmKt                                   : loaded 3 times (x 69B)
Class kotlin.Unit                                                                     : loaded 3 times (x 69B)
Class kotlin.TuplesKt                                                                 : loaded 3 times (x 69B)
Class kotlin.collections.CollectionsKt___CollectionsJvmKt                             : loaded 3 times (x 69B)
Class com.google.common.collect.ImmutableSet                                          : loaded 3 times (x 143B)
Class com.google.common.collect.RegularImmutableMap$Values                            : loaded 3 times (x 205B)
Class com.google.common.base.CharMatcher$BitSetMatcher                                : loaded 3 times (x 110B)
Class kotlin.sequences.FilteringSequence                                              : loaded 3 times (x 73B)
Class kotlin.comparisons.ComparisonsKt___ComparisonsKt                                : loaded 3 times (x 69B)
Class kotlin.comparisons.ComparisonsKt                                                : loaded 3 times (x 69B)
Class kotlin.sequences.SequencesKt__SequencesKt                                       : loaded 3 times (x 69B)
Class kotlin.sequences.SequencesKt___SequencesKt                                      : loaded 3 times (x 69B)
Class kotlin.collections.AbstractList$Companion                                       : loaded 3 times (x 69B)
Class kotlin.collections.SetsKt___SetsKt                                              : loaded 3 times (x 69B)
Class kotlin.ranges.RangesKt__RangesKt                                                : loaded 3 times (x 69B)
Class kotlin.comparisons.ComparisonsKt__ComparisonsKt                                 : loaded 3 times (x 69B)
Class com.google.common.collect.ImmutableRangeSet$Builder                             : loaded 3 times (x 75B)
Class kotlin.text.StringsKt__StringBuilderJVMKt                                       : loaded 3 times (x 69B)
Class kotlin.collections.AbstractCollection                                           : loaded 3 times (x 115B)
Class kotlin.collections.AbstractList                                                 : loaded 3 times (x 195B)
Class kotlin.sequences.SequencesKt__SequencesJVMKt                                    : loaded 3 times (x 69B)
Class kotlin.enums.EnumEntriesKt                                                      : loaded 3 times (x 69B)
Class kotlin.text.StringsKt__RegexExtensionsKt                                        : loaded 3 times (x 69B)
Class kotlin.collections.EmptyIterator                                                : loaded 3 times (x 87B)
Class [Lcom.google.common.collect.ImmutableEntry;                                     : loaded 3 times (x 67B)
Class org.jetbrains.kotlin.name.Name                                                  : loaded 3 times (x 73B)
Class kotlin.jvm.internal.DefaultConstructorMarker                                    : loaded 3 times (x 69B)
Class kotlin.io.FileSystemException                                                   : loaded 3 times (x 80B)
Class [Lcom.google.common.collect.ImmutableMapEntry;                                  : loaded 3 times (x 67B)
Class com.google.common.collect.RegularImmutableList                                  : loaded 3 times (x 211B)
Class org.jetbrains.kotlin.name.ClassId$Companion                                     : loaded 3 times (x 69B)
Class com.google.common.base.Function                                                 : loaded 3 times (x 68B)
Class com.google.common.collect.ImmutableMapEntry$NonTerminalImmutableMapEntry        : loaded 3 times (x 83B)
Class com.google.common.collect.ImmutableMultimap                                     : loaded 3 times (x 145B)
Class kotlin.enums.EnumEntries                                                        : loaded 3 times (x 68B)
Class org.jetbrains.kotlin.name.FqName                                                : loaded 3 times (x 70B)
Class kotlin.text.StringsKt__AppendableKt                                             : loaded 3 times (x 69B)
Class com.google.common.collect.ImmutableMapEntry                                     : loaded 3 times (x 83B)
Class com.google.common.collect.RegularImmutableSortedSet                             : loaded 3 times (x 298B)
Class kotlin.jvm.internal.CallableReference                                           : loaded 3 times (x 104B)
Class com.google.common.base.CharMatcher$IsNot                                        : loaded 3 times (x 109B)
Class com.google.common.collect.ImmutableRangeSet                                     : loaded 3 times (x 113B)
Class com.google.common.collect.ImmutableMap$SerializedForm                           : loaded 3 times (x 71B)
Class com.google.common.collect.ImmutableSortedSet                                    : loaded 3 times (x 298B)
Class com.google.common.collect.Iterables                                             : loaded 3 times (x 69B)
Class kotlin.text.StringsKt__StringNumberConversionsKt                                : loaded 3 times (x 69B)
Class kotlin.io.FilesKt__FileReadWriteKt                                              : loaded 3 times (x 69B)
Class com.google.common.collect.ImmutableAsList                                       : loaded 3 times (x 207B)
Class com.google.common.collect.Iterators$9                                           : loaded 3 times (x 79B)
Class kotlin.text.StringsKt                                                           : loaded 3 times (x 69B)
Class com.google.common.collect.ImmutableSet$CachingAsList                            : loaded 3 times (x 146B)
Class com.google.common.collect.Lists                                                 : loaded 3 times (x 69B)
Class kotlin.collections.CollectionsKt__IteratorsKt                                   : loaded 3 times (x 69B)
Class kotlin.sequences.SequencesKt                                                    : loaded 3 times (x 69B)
Class com.google.common.collect.ImmutableCollection                                   : loaded 3 times (x 123B)
Class com.google.common.collect.ImmutableSet$SerializedForm                           : loaded 3 times (x 71B)
Class com.google.common.base.CharMatcher$AnyOf                                        : loaded 3 times (x 110B)
Class kotlin.collections.CollectionsKt__CollectionsJVMKt                              : loaded 3 times (x 69B)
Class kotlin.io.FilesKt__UtilsKt                                                      : loaded 3 times (x 69B)
Class com.google.common.base.CharMatcher$ForPredicate                                 : loaded 3 times (x 110B)
Class org.jetbrains.kotlin.name.FqNameUnsafe                                          : loaded 3 times (x 70B)
Class com.google.common.collect.Iterators$5                                           : loaded 3 times (x 80B)
Class com.google.common.collect.SortedIterable                                        : loaded 3 times (x 68B)
Class com.google.common.collect.Iterators$4                                           : loaded 3 times (x 80B)
Class com.google.common.collect.ImmutableBiMap                                        : loaded 3 times (x 141B)
Class com.google.common.collect.SingletonImmutableSet                                 : loaded 3 times (x 144B)
Class com.google.common.collect.ImmutableMap$IteratorBasedImmutableMap                : loaded 3 times (x 124B)
Class kotlin.sequences.Sequence                                                       : loaded 3 times (x 68B)
Class kotlin.text.StringsKt__StringNumberConversionsJVMKt                             : loaded 3 times (x 69B)
Class kotlin.UninitializedPropertyAccessException                                     : loaded 3 times (x 80B)
Class com.google.common.collect.Iterators$1                                           : loaded 3 times (x 79B)
Class kotlin.collections.MapsKt__MapsKt                                               : loaded 3 times (x 69B)
Class com.google.common.collect.ImmutableList$ReverseImmutableList                    : loaded 3 times (x 207B)
Class kotlin.reflect.KFunction                                                        : loaded 3 times (x 68B)
Class org.gradle.api.UncheckedIOException                                             : loaded 3 times (x 80B)
Class com.google.common.collect.SingletonImmutableList                                : loaded 3 times (x 205B)
Class kotlin.jvm.KotlinReflectionNotSupportedError                                    : loaded 3 times (x 80B)
Class kotlin.text.StringsKt__IndentKt                                                 : loaded 3 times (x 69B)
Class kotlin.collections.SetsKt                                                       : loaded 3 times (x 69B)
Class com.google.common.collect.NullnessCasts                                         : loaded 3 times (x 69B)
Class kotlin.text.StringsKt__StringsJVMKt                                             : loaded 3 times (x 69B)
Class com.google.common.collect.Multimap                                              : loaded 3 times (x 68B)
Class com.google.common.collect.ImmutableMap$Builder                                  : loaded 3 times (x 80B)
Class kotlin.io.FileAlreadyExistsException                                            : loaded 3 times (x 80B)
Class kotlin.internal.ProgressionUtilKt                                               : loaded 3 times (x 69B)
Class com.google.common.collect.ImmutableMapEntrySet                                  : loaded 3 times (x 150B)
Class kotlin.Function                                                                 : loaded 3 times (x 68B)
Class kotlin.collections.SetsKt__SetsJVMKt                                            : loaded 3 times (x 69B)
Class com.google.common.collect.AbstractIndexedListIterator                           : loaded 3 times (x 94B)
Class com.google.common.collect.ObjectArrays                                          : loaded 3 times (x 69B)
Class kotlin.collections.ArraysKt__ArraysKt                                           : loaded 3 times (x 69B)
Class com.google.common.collect.AbstractIterator                                      : loaded 3 times (x 80B)
Class org.jetbrains.kotlin.name.ClassId                                               : loaded 3 times (x 70B)
Class com.google.common.collect.BiMap                                                 : loaded 3 times (x 68B)
Class com.google.common.collect.ImmutableMap$1                                        : loaded 3 times (x 79B)
Class com.google.common.collect.IndexedImmutableSet                                   : loaded 3 times (x 150B)
Class com.google.common.base.CharMatcher$And                                          : loaded 3 times (x 110B)
Class kotlin.collections.MapsKt__MapsJVMKt                                            : loaded 3 times (x 69B)
Class kotlin.collections.EmptyList                                                    : loaded 3 times (x 172B)
Class com.google.common.collect.Lists$StringAsImmutableList                           : loaded 3 times (x 205B)
Class org.gradle.kotlin.dsl.VersionCatalogAccessorsKt                                 : loaded 3 times (x 69B)
Class com.google.common.collect.Range                                                 : loaded 3 times (x 85B)
Class com.google.common.collect.Iterators                                             : loaded 3 times (x 69B)
Class com.google.common.collect.ImmutableRangeSet$1                                   : loaded 3 times (x 208B)
Class com.google.common.collect.RegularImmutableAsList                                : loaded 3 times (x 215B)
Class kotlin.io.FilesKt__FilePathComponentsKt                                         : loaded 3 times (x 69B)
Class kotlin.io.TerminateException                                                    : loaded 3 times (x 80B)
Class kotlin.reflect.KCallable                                                        : loaded 3 times (x 68B)
Class com.google.common.collect.ImmutableList$Builder                                 : loaded 3 times (x 75B)
Class com.google.common.collect.AbstractMultimap                                      : loaded 3 times (x 121B)
Class kotlin.collections.CollectionsKt__MutableCollectionsKt                          : loaded 3 times (x 69B)
Class com.google.common.collect.AbstractMapEntry                                      : loaded 3 times (x 79B)
Class com.intellij.gradle.toolingExtension.util.GradleVersionUtil                     : loaded 3 times (x 69B)
Class kotlin.Pair                                                                     : loaded 3 times (x 70B)
Class com.google.common.collect.UnmodifiableIterator                                  : loaded 3 times (x 78B)
Class com.google.common.collect.Platform                                              : loaded 3 times (x 69B)
Class com.google.common.base.Joiner                                                   : loaded 3 times (x 78B)
Class com.google.common.collect.BaseImmutableMultimap                                 : loaded 3 times (x 121B)
Class kotlin.collections.CollectionsKt__IteratorsJVMKt                                : loaded 3 times (x 69B)
Class kotlin.comparisons.ComparisonsKt___ComparisonsJvmKt                             : loaded 3 times (x 69B)
Class com.google.common.collect.ImmutableRangeSet$AsSet                               : loaded 3 times (x 298B)
Class com.google.common.collect.Iterators$ArrayItr                                    : loaded 3 times (x 95B)
Class com.google.common.collect.ImmutableCollection$Builder                           : loaded 3 times (x 74B)
Class kotlin.enums.EnumEntriesList                                                    : loaded 3 times (x 221B)
Class kotlin.jvm.internal.FunctionBase                                                : loaded 3 times (x 68B)
Class kotlin.jvm.internal.FunctionReference                                           : loaded 3 times (x 120B)
Class kotlin.text.StringsKt__RegexExtensionsJVMKt                                     : loaded 3 times (x 69B)
Class kotlin.collections.CollectionsKt__CollectionsKt                                 : loaded 3 times (x 69B)
Class kotlin.collections.ArraysKt___ArraysJvmKt                                       : loaded 3 times (x 69B)
Class org.jetbrains.kotlin.cli.common.messages.CompilerMessageSeverity                : loaded 2 times (x 77B)
Class com.google.common.util.concurrent.SettableFuture                                : loaded 2 times (x 112B)
Class com.google.common.cache.LocalCache$Strength$2                                   : loaded 2 times (x 79B)
Class org.jetbrains.kotlin.metadata.ProtoBuf$Annotation$Argument$Value                : loaded 2 times (x 125B)
Class org.jetbrains.kotlin.descriptors.DescriptorVisibilities$6                       : loaded 2 times (x 77B)
Class org.jetbrains.kotlin.protobuf.CodedOutputStream$OutOfSpaceException             : loaded 2 times (x 80B)
Class com.google.common.collect.Collections2$FilteredCollection                       : loaded 2 times (x 117B)
Class com.google.common.reflect.Types$ClassOwnership$3                                : loaded 2 times (x 69B)
Class org.gradle.tooling.model.Dependency                                             : loaded 2 times (x 68B)
Class com.amazon.ion.IonDatagram                                                      : loaded 2 times (x 68B)
Class com.amazon.ion.impl._Private_RecyclingStack$ElementFactory                      : loaded 2 times (x 68B)
Class com.amazon.ion.impl.bin.IonManagedBinaryWriter$ImportedSymbolResolverMode$1$1   : loaded 2 times (x 76B)
Class com.amazon.ion.impl._Private_ByteTransferSink                                   : loaded 2 times (x 68B)
Class com.intellij.openapi.externalSystem.model.project.dependencies.ResolutionState  : loaded 2 times (x 77B)
Class com.android.builder.model.v2.ide.AbstractArtifact                               : loaded 2 times (x 68B)
Class com.google.common.collect.AllEqualOrdering                                      : loaded 2 times (x 112B)
Class com.google.common.collect.Interners$InternerImpl                                : loaded 2 times (x 73B)
Class com.google.common.collect.Interner                                              : loaded 2 times (x 68B)
Class com.google.common.base.Splitter$1                                               : loaded 2 times (x 75B)
Class com.google.common.collect.TransformedIterator                                   : loaded 2 times (x 78B)
Class [Lcom.google.common.collect.Maps$EntryFunction;                                 : loaded 2 times (x 67B)
Class com.google.common.io.ByteStreams                                                : loaded 2 times (x 69B)
Class com.google.common.cache.LocalCache$Strength$3                                   : loaded 2 times (x 79B)
Class com.google.common.collect.MapDifference                                         : loaded 2 times (x 68B)
Class org.jetbrains.kotlin.descriptors.DescriptorVisibilities$7                       : loaded 2 times (x 77B)
Class kotlin._Assertions                                                              : loaded 2 times (x 69B)
Class ijJvmDebugger1_e0ibgtp04hjqy43pfcra392z5$_run_closure1$_closure2                : loaded 2 times (x 138B)
Class org.jetbrains.plugins.gradle.model.ExternalLibraryDependency                    : loaded 2 times (x 68B)
Class kotlin.text.Regex$Companion                                                     : loaded 2 times (x 69B)
Class com.google.common.collect.MapMaker$Dummy                                        : loaded 2 times (x 77B)
Class com.google.common.reflect.Invokable                                             : loaded 2 times (x 101B)
Class org.objectweb.asm.FieldWriter                                                   : loaded 2 times (x 76B)
Class com.google.common.cache.CacheBuilder$NullListener                               : loaded 2 times (x 80B)
Class org.gradle.internal.classpath.TransformedClassPath                              : loaded 2 times (x 94B)
Class org.gradle.internal.classloader.InstrumentingClassLoader                        : loaded 2 times (x 68B)
Class org.jetbrains.kotlin.descriptors.DescriptorVisibilities$8                       : loaded 2 times (x 77B)
Class org.gradle.api.JavaVersion                                                      : loaded 2 times (x 77B)
Class org.jetbrains.kotlin.metadata.ProtoBuf$MemberKind$1                             : loaded 2 times (x 72B)
Class org.jetbrains.kotlin.metadata.jvm.JvmProtoBuf$StringTableTypes$RecordOrBuilder  : loaded 2 times (x 68B)
Class org.jetbrains.plugins.gradle.tooling.serialization.GradleExtensionsSerializationService: loaded 2 times (x 75B)
Class [Lorg.jetbrains.org.objectweb.asm.SymbolTable$Entry;                            : loaded 2 times (x 67B)
Class org.jetbrains.kotlin.resolve.jvm.JvmClassName                                   : loaded 2 times (x 74B)
Class com.amazon.ion.impl.bin.PooledBlockAllocatorProvider$PooledBlockAllocator       : loaded 2 times (x 79B)
Class jdk.internal.jrtfs.SystemImage$1                                                : loaded 2 times (x 76B)
Class com.amazon.ion.IonValue                                                         : loaded 2 times (x 68B)
Class com.amazon.ion.IonTimestamp                                                     : loaded 2 times (x 68B)
Class org.jetbrains.kotlin.protobuf.GeneratedMessageLite$ExtendableMessage            : loaded 2 times (x 111B)
Class org.jetbrains.kotlin.metadata.jvm.JvmProtoBuf$JvmPropertySignatureOrBuilder     : loaded 2 times (x 68B)
Class [Lkotlin.coroutines.intrinsics.CoroutineSingletons;                             : loaded 2 times (x 67B)
Class com.google.common.collect.ImmutableListMultimap                                 : loaded 2 times (x 174B)
Class com.google.common.reflect.Types$ParameterizedTypeImpl                           : loaded 2 times (x 79B)
Class com.google.common.collect.Maps$IteratorBasedAbstractMap$1                       : loaded 2 times (x 136B)
Class com.google.common.cache.CacheLoader$FunctionToCacheLoader                       : loaded 2 times (x 73B)
Class org.jetbrains.kotlin.protobuf.GeneratedMessageLite$ExtendableBuilder            : loaded 2 times (x 136B)
Class org.jetbrains.kotlin.descriptors.DescriptorVisibilities$9                       : loaded 2 times (x 77B)
Class org.jetbrains.kotlin.metadata.jvm.JvmProtoBuf$StringTableTypes                  : loaded 2 times (x 108B)
Class org.jetbrains.kotlin.descriptors.DescriptorVisibilities$5                       : loaded 2 times (x 77B)
Class com.google.common.cache.LocalCache$Strength$1                                   : loaded 2 times (x 79B)
Class jdk.internal.jrtfs.SystemImage$2                                                : loaded 2 times (x 74B)
Class com.amazon.ion.impl.bin.IonRawBinaryWriter$ContainerType                        : loaded 2 times (x 77B)
Class com.amazon.ion.impl._Private_IonTextWriterBuilder$Mutable                       : loaded 2 times (x 100B)
Class org.objectweb.asm.ModuleVisitor                                                 : loaded 2 times (x 79B)
Class com.google.common.collect.Sets$4                                                : loaded 2 times (x 137B)
Class com.google.common.collect.EmptyImmutableListMultimap                            : loaded 2 times (x 174B)
Class com.google.common.reflect.TypeResolver$TypeVariableKey                          : loaded 2 times (x 70B)
Class org.jetbrains.kotlin.config.LanguageFeature                                     : loaded 2 times (x 78B)
Class com.google.common.base.MoreObjects                                              : loaded 2 times (x 69B)
Class org.jetbrains.kotlin.utils.CollectionsKt                                        : loaded 2 times (x 69B)
Class org.jetbrains.kotlin.metadata.jvm.JvmProtoBuf$StringTableTypes$1                : loaded 2 times (x 142B)
Class org.jetbrains.org.objectweb.asm.tree.LabelNode                                  : loaded 2 times (x 78B)
Class org.jetbrains.kotlin.metadata.ProtoBuf$PropertyOrBuilder                        : loaded 2 times (x 68B)
Class org.jetbrains.kotlin.metadata.ProtoBuf$Constructor$1                            : loaded 2 times (x 142B)
Class org.jetbrains.kotlin.build.report.metrics.GradleBuildTime                       : loaded 2 times (x 84B)
Class org.jetbrains.kotlin.idea.gradleTooling.KotlinSourceSetContainer                : loaded 2 times (x 68B)
Class org.jetbrains.plugins.gradle.model.IntelliJSettings                             : loaded 2 times (x 68B)
Class org.jetbrains.kotlin.config.JvmDefaultMode                                      : loaded 2 times (x 77B)
Class com.android.builder.model.v2.ide.TestInfo$Execution                             : loaded 2 times (x 77B)
Class com.google.common.io.ByteArrayDataInput                                         : loaded 2 times (x 68B)
Class kotlin.Result                                                                   : loaded 2 times (x 70B)
Class org.jetbrains.kotlin.config.LanguageOrApiVersion                                : loaded 2 times (x 68B)
Class [Lorg.objectweb.asm.Type;                                                       : loaded 2 times (x 67B)
Class org.gradle.internal.service.ServiceLocator                                      : loaded 2 times (x 68B)
Class com.google.common.reflect.TypeResolver                                          : loaded 2 times (x 70B)
Class [Lkotlin.Function;                                                              : loaded 2 times (x 67B)
Class org.jetbrains.kotlin.load.kotlin.header.ReadKotlinClassHeaderAnnotationVisitor$CollectStringArrayAnnotationVisitor: loaded 2 times (x 83B)
Class com.google.common.reflect.Types$ClassOwnership$2                                : loaded 2 times (x 78B)
Class jdk.internal.jrtfs.JrtFileSystemProvider                                        : loaded 2 times (x 99B)
Class com.amazon.ion.impl.IonWriterSystem                                             : loaded 2 times (x 169B)
Class com.amazon.ion.impl.bin.Symbols$2                                               : loaded 2 times (x 105B)
Class com.amazon.ion.impl.bin._Private_IonManagedWriter                               : loaded 2 times (x 68B)
Class com.android.ide.gradle.model.GradlePropertiesModel                              : loaded 2 times (x 68B)
Class com.google.common.collect.MapMakerInternalMap$StrongValueEntry                  : loaded 2 times (x 68B)
Class com.google.common.collect.Iterators$SingletonIterator                           : loaded 2 times (x 79B)
Class kotlin.sequences.TransformingSequence$iterator$1                                : loaded 2 times (x 77B)
Class org.gradle.tooling.internal.adapter.ProtocolToModelAdapter$SupportedPropertyInvoker: loaded 2 times (x 74B)
Class org.gradle.tooling.model.UnsupportedMethodException                             : loaded 2 times (x 80B)
Class com.google.common.base.Ascii                                                    : loaded 2 times (x 69B)
Class com.google.common.collect.SingletonImmutableBiMap                               : loaded 2 times (x 141B)
Class com.google.common.cache.LocalCache$1                                            : loaded 2 times (x 87B)
Class [Lorg.jetbrains.org.objectweb.asm.tree.AbstractInsnNode;                        : loaded 2 times (x 67B)
Class kotlin.collections.CollectionsKt___CollectionsKt$withIndex$1                    : loaded 2 times (x 77B)
Class kotlin.io.CloseableKt                                                           : loaded 2 times (x 69B)
Class org.jetbrains.plugins.gradle.model.ClasspathEntryModel                          : loaded 2 times (x 68B)
Class com.amazon.ion.impl.lite.IonContainerLite                                       : loaded 2 times (x 246B)
Class com.amazon.ion.IonBufferConfiguration$OversizedSymbolTableHandler               : loaded 2 times (x 68B)
Class com.amazon.ion.system.IonWriterBuilder                                          : loaded 2 times (x 72B)
Class org.jetbrains.plugins.gradle.tooling.serialization.ToolingStreamApiUtils        : loaded 2 times (x 69B)
Class com.amazon.ion.facet.Faceted                                                    : loaded 2 times (x 68B)
Class org.jetbrains.kotlin.idea.gradleTooling.KotlinDslScriptAdditionalTask           : loaded 2 times (x 68B)
Class com.android.builder.model.v2.ide.BytecodeTransformation                         : loaded 2 times (x 77B)
Class org.jetbrains.kotlin.idea.gradleTooling.model.kapt.KaptGradleModel              : loaded 2 times (x 68B)
Class com.google.common.collect.MapMakerInternalMap$AbstractStrongKeyEntry            : loaded 2 times (x 78B)
Class com.google.common.reflect.TypeToken$SimpleTypeToken                             : loaded 2 times (x 71B)
Class com.google.common.io.ByteSource$ByteArrayByteSource                             : loaded 2 times (x 83B)
Class com.google.common.collect.Sets$ImprovedAbstractSet                              : loaded 2 times (x 133B)
Class com.google.common.cache.LocalCache$2                                            : loaded 2 times (x 140B)
Class org.gradle.internal.impldep.gnu.trove.PrimeFinder                               : loaded 2 times (x 69B)
Class org.jetbrains.kotlin.metadata.deserialization.ProtoBufUtilKt                    : loaded 2 times (x 69B)
Class ijJvmDebugger1_e0ibgtp04hjqy43pfcra392z5                                        : loaded 2 times (x 177B)
Class [Lorg.jetbrains.org.objectweb.asm.Attribute;                                    : loaded 2 times (x 67B)
Class com.amazon.ion.impl.bin.utf8.Poolable                                           : loaded 2 times (x 77B)
Class com.amazon.ion.IonSymbol                                                        : loaded 2 times (x 68B)
Class org.jetbrains.plugins.gradle.tooling.serialization.AnnotationProcessingModelSerializationService$WriteContext: loaded 2 times (x 70B)
Class org.gradle.internal.impldep.gnu.trove.THash                                     : loaded 2 times (x 79B)
Class com.android.builder.model.v2.ide.CodeShrinker                                   : loaded 2 times (x 77B)
Class [Lorg.jetbrains.kotlin.protobuf.WireFormat$JavaType;                            : loaded 2 times (x 67B)
Class org.jetbrains.org.objectweb.asm.tree.TableSwitchInsnNode                        : loaded 2 times (x 77B)
Class com.google.common.util.concurrent.AbstractFuture$UnsafeAtomicHelper$1           : loaded 2 times (x 74B)
Class org.jetbrains.kotlin.protobuf.AbstractMessageLite$Builder                       : loaded 2 times (x 120B)
Class org.jetbrains.kotlin.protobuf.Internal$EnumLiteMap                              : loaded 2 times (x 68B)
Class org.jetbrains.org.objectweb.asm.tree.InsnList                                   : loaded 2 times (x 101B)
Class org.jetbrains.kotlin.protobuf.GeneratedMessageLite                              : loaded 2 times (x 99B)
Class org.jetbrains.kotlin.idea.gradleTooling.KotlinGradlePluginVersion               : loaded 2 times (x 68B)
Class com.amazon.ion.impl.lite.IonStructLite                                          : loaded 2 times (x 296B)
Class com.amazon.ion.impl._Private_ReaderWriter                                       : loaded 2 times (x 68B)
Class com.amazon.ion.impl.bin.AbstractSymbolTable                                     : loaded 2 times (x 105B)
Class com.amazon.ion.Decimal                                                          : loaded 2 times (x 131B)
Class com.amazon.ion.impl.bin._Private_IonManagedBinaryWriterBuilder$AllocatorMode$1  : loaded 2 times (x 78B)
Class org.jetbrains.plugins.gradle.tooling.serialization.ProjectDependenciesSerializationService$WriteContext: loaded 2 times (x 70B)
Class org.jetbrains.plugins.gradle.tooling.serialization.ProjectDependenciesSerializationService: loaded 2 times (x 75B)
Class com.intellij.compose.ide.plugin.gradleTooling.rt.ComposeResourcesModel          : loaded 2 times (x 68B)
Class kotlin.text.CharsKt                                                             : loaded 2 times (x 69B)
Class org.jetbrains.kotlin.descriptors.DescriptorVisibilities$4                       : loaded 2 times (x 77B)
Class org.gradle.internal.service.UnknownServiceException                             : loaded 2 times (x 81B)
Class org.gradle.tooling.model.kotlin.dsl.KotlinDslScriptModel                        : loaded 2 times (x 68B)
Class org.gradle.tooling.internal.adapter.CollectionMapper                            : loaded 2 times (x 71B)
Class com.google.common.base.Optional                                                 : loaded 2 times (x 78B)
Class org.jetbrains.kotlin.cli.common.messages.MessageCollector$Companion             : loaded 2 times (x 69B)
Class com.google.common.util.concurrent.AbstractFuture$Trusted                        : loaded 2 times (x 68B)
Class org.jetbrains.kotlin.descriptors.Visibilities$Unknown                           : loaded 2 times (x 77B)
Class org.jetbrains.kotlin.descriptors.Visibilities$Inherited                         : loaded 2 times (x 77B)
Class org.jetbrains.org.objectweb.asm.tree.MethodInsnNode                             : loaded 2 times (x 77B)
Class org.jetbrains.kotlin.protobuf.Parser                                            : loaded 2 times (x 68B)
Class org.jetbrains.org.objectweb.asm.tree.MethodNode                                 : loaded 2 times (x 107B)
Class org.jetbrains.kotlin.load.kotlin.KotlinJvmBinaryClass                           : loaded 2 times (x 68B)
Class [Lorg.jetbrains.kotlin.build.report.metrics.BuildTime;                          : loaded 2 times (x 67B)
Class com.google.common.cache.LocalCache$LocalLoadingCache                            : loaded 2 times (x 132B)
Class jdk.internal.jimage.ImageLocation                                               : loaded 2 times (x 88B)
Class jdk.internal.jrtfs.JrtDirectoryStream$1                                         : loaded 2 times (x 81B)
Class org.jetbrains.kotlin.tooling.core.KotlinToolingVersion                          : loaded 2 times (x 73B)
Class com.amazon.ion.impl.lite.IonFloatLite                                           : loaded 2 times (x 184B)
Class com.amazon.ion.impl._Private_IonTextWriterBuilder                               : loaded 2 times (x 100B)
Class com.amazon.ion.impl.bin._Private_IonManagedBinaryWriterBuilder$AllocatorMode$2  : loaded 2 times (x 78B)
Class org.gradle.internal.impldep.gnu.trove.Equality                                  : loaded 2 times (x 68B)
Class [Lcom.android.builder.model.v2.ide.LibraryType;                                 : loaded 2 times (x 67B)
Class com.android.builder.model.v2.ide.LibraryType                                    : loaded 2 times (x 77B)
Class com.google.common.util.concurrent.AbstractFuture$SafeAtomicHelper               : loaded 2 times (x 77B)
Class com.google.common.collect.ExplicitOrdering                                      : loaded 2 times (x 113B)
Class com.google.common.io.ByteSink$AsCharSink                                        : loaded 2 times (x 78B)
Class com.google.common.util.concurrent.UncheckedExecutionException                   : loaded 2 times (x 80B)
Class [Lorg.jetbrains.kotlin.metadata.ProtoBuf$VersionRequirement$Level;              : loaded 2 times (x 67B)
Class org.jetbrains.kotlin.protobuf.WireFormat$JavaType                               : loaded 2 times (x 77B)
Class org.jetbrains.org.objectweb.asm.ClassTooLargeException                          : loaded 2 times (x 81B)
Class org.jetbrains.kotlin.metadata.jvm.deserialization.JvmMemberSignature$Method     : loaded 2 times (x 73B)
Class org.jetbrains.plugins.gradle.ExternalDependencyId                               : loaded 2 times (x 68B)
Class com.amazon.ion.impl._Private_RecyclingStack                                     : loaded 2 times (x 77B)
Class com.amazon.ion.impl._Private_IonReaderBuilder                                   : loaded 2 times (x 93B)
Class com.amazon.ion.IonMutableCatalog                                                : loaded 2 times (x 68B)
Class com.intellij.gradle.toolingExtension.impl.model.buildScriptClasspathModel.GradleBuildScriptClasspathSerializationService$WriteContext: loaded 2 times (x 70B)
Class org.gradle.tooling.internal.adapter.ProtocolToModelAdapter                      : loaded 2 times (x 78B)
Class org.gradle.internal.InternalTransformer                                         : loaded 2 times (x 68B)
Class org.jetbrains.kotlin.descriptors.Visibilities$PrivateToThis                     : loaded 2 times (x 77B)
Class org.jetbrains.org.objectweb.asm.tree.IntInsnNode                                : loaded 2 times (x 76B)
Class org.jetbrains.kotlin.protobuf.SmallSortedMap$1                                  : loaded 2 times (x 128B)
Class com.google.common.collect.Sets$3                                                : loaded 2 times (x 137B)
Class [Lorg.objectweb.asm.AnnotationVisitor;                                          : loaded 2 times (x 67B)
Class jdk.internal.jimage.ImageBufferCache$1                                          : loaded 2 times (x 81B)
Class org.gradle.internal.impldep.gnu.trove.TObjectCanonicalHashingStrategy           : loaded 2 times (x 78B)
Class org.jetbrains.kotlin.cli.common.CompilerSystemProperties                        : loaded 2 times (x 78B)
Class com.android.ide.common.gradle.Separator                                         : loaded 2 times (x 77B)
Class com.android.builder.model.v2.ide.AndroidGradlePluginProjectFlags$BooleanFlag    : loaded 2 times (x 77B)
Class org.gradle.internal.time.DefaultTimer                                           : loaded 2 times (x 78B)
Class com.google.common.collect.AbstractMapBasedMultimap$KeySet$1                     : loaded 2 times (x 80B)
Class org.objectweb.asm.ClassWriter                                                   : loaded 2 times (x 104B)
Class com.google.common.cache.CacheLoader$UnsupportedLoadingOperationException        : loaded 2 times (x 80B)
Class org.gradle.internal.classloader.ClasspathUtil$1                                 : loaded 2 times (x 74B)
Class org.jetbrains.kotlin.metadata.ProtoBuf$Effect$EffectType$1                      : loaded 2 times (x 72B)
Class org.jetbrains.kotlin.metadata.ProtoBuf$EffectOrBuilder                          : loaded 2 times (x 68B)
Class org.jetbrains.kotlin.protobuf.BoundedByteString                                 : loaded 2 times (x 110B)
Class jdk.internal.jimage.ImageBufferCache$2                                          : loaded 2 times (x 89B)
Class com.amazon.ion.impl.bin.PooledBlockAllocatorProvider$PooledBlockAllocator$1     : loaded 2 times (x 77B)
Class com.amazon.ion.impl.lite.IonStringLite                                          : loaded 2 times (x 210B)
Class com.google.common.reflect.Types$ClassOwnership$1                                : loaded 2 times (x 78B)
Class com.google.common.base.AbstractIterator$State                                   : loaded 2 times (x 77B)
Class com.google.common.collect.MapMakerInternalMap$Strength$2                        : loaded 2 times (x 78B)
Class org.gradle.tooling.internal.adapter.ProtocolToModelAdapter$ViewKey              : loaded 2 times (x 70B)
Class com.google.common.collect.FluentIterable$1                                      : loaded 2 times (x 79B)
Class com.google.common.base.Objects                                                  : loaded 2 times (x 69B)
Class org.objectweb.asm.FieldVisitor                                                  : loaded 2 times (x 75B)
Class org.gradle.api.internal.classpath.DefaultModuleRegistry$DefaultModule           : loaded 2 times (x 84B)
Class org.jetbrains.org.objectweb.asm.tree.TryCatchBlockNode                          : loaded 2 times (x 72B)
Class org.jetbrains.kotlin.metadata.ProtoBuf$Annotation$Argument$Value$1              : loaded 2 times (x 142B)
Class org.jetbrains.kotlin.descriptors.Visibilities$InvisibleFake                     : loaded 2 times (x 77B)
Class org.jetbrains.kotlin.protobuf.UninitializedMessageException                     : loaded 2 times (x 82B)
Class org.jetbrains.kotlin.metadata.jvm.deserialization.JvmNameResolverKt             : loaded 2 times (x 69B)
Class org.jetbrains.kotlin.metadata.ProtoBuf$TypeParameter$Variance                   : loaded 2 times (x 80B)
Class kotlin.collections.CollectionsKt___CollectionsKt$asSequence$$inlined$Sequence$1 : loaded 2 times (x 73B)
Class ijKotlinCoroutineJvmDebugInit1_93x4rrjzhpd1k04afbhuinl9v$_run_closure1$_closure2: loaded 2 times (x 137B)
Class com.amazon.ion.impl.bin.Block                                                   : loaded 2 times (x 77B)
Class com.android.builder.model.v2.CustomSourceDirectory                              : loaded 2 times (x 68B)
Class org.gradle.internal.impldep.gnu.trove.TObjectHash$NULL                          : loaded 2 times (x 69B)
Class com.google.common.collect.NullsFirstOrdering                                    : loaded 2 times (x 113B)
Class com.android.ide.common.repository.AgpVersion                                    : loaded 2 times (x 73B)
Class kotlin.ResultKt                                                                 : loaded 2 times (x 69B)
Class org.gradle.tooling.internal.adapter.ProtocolToModelAdapter$PropertyCachingMethodInvoker: loaded 2 times (x 74B)
Class com.google.common.reflect.Reflection                                            : loaded 2 times (x 69B)
Class com.google.common.collect.FluentIterable$2                                      : loaded 2 times (x 79B)
Class com.google.common.base.Absent                                                   : loaded 2 times (x 78B)
Class com.google.common.primitives.Ints                                               : loaded 2 times (x 69B)
Class [Lorg.jetbrains.kotlin.metadata.ProtoBuf$Effect$InvocationKind;                 : loaded 2 times (x 67B)
Class org.jetbrains.kotlin.metadata.ProtoBuf$VersionRequirement$VersionKind           : loaded 2 times (x 80B)
Class org.jetbrains.kotlin.descriptors.Named                                          : loaded 2 times (x 68B)
Class org.jetbrains.kotlin.serialization.deserialization.ProtoEnumFlagsUtilsKt        : loaded 2 times (x 69B)
Class org.jetbrains.kotlin.metadata.ProtoBuf$Visibility$1                             : loaded 2 times (x 72B)
Class org.jetbrains.kotlin.metadata.jvm.JvmProtoBuf$StringTableTypes$Record$Operation$1: loaded 2 times (x 72B)
Class kotlin.collections.IndexingIterable                                             : loaded 2 times (x 77B)
Class org.jetbrains.kotlin.metadata.deserialization.NameResolver                      : loaded 2 times (x 68B)
Class org.jetbrains.org.objectweb.asm.tree.JumpInsnNode                               : loaded 2 times (x 76B)
Class org.jetbrains.kotlin.protobuf.GeneratedMessageLite$ExtensionDescriptor          : loaded 2 times (x 82B)
Class org.jetbrains.kotlin.protobuf.InvalidProtocolBufferException                    : loaded 2 times (x 82B)
Class org.jetbrains.org.objectweb.asm.FieldVisitor                                    : loaded 2 times (x 74B)
Class com.amazon.ion.impl.lite.IonBoolLite                                            : loaded 2 times (x 176B)
Class com.intellij.openapi.externalSystem.model.ExternalSystemException               : loaded 2 times (x 84B)
Class org.jetbrains.plugins.gradle.model.ExternalTask                                 : loaded 2 times (x 68B)
Class com.amazon.ion.impl.bin.utf8.Utf8StringEncoderPool$1                            : loaded 2 times (x 74B)
Class com.amazon.ion.impl.lite.IonLoaderLite                                          : loaded 2 times (x 80B)
Class com.amazon.ion.impl.lite.IonContext                                             : loaded 2 times (x 68B)
Class com.amazon.ion.impl.IonWriterSystemText                                         : loaded 2 times (x 188B)
Class [Lcom.amazon.ion.impl.bin.IonManagedBinaryWriter$ImportedSymbolResolverMode;    : loaded 2 times (x 67B)
Class com.amazon.ion.ValueFactory                                                     : loaded 2 times (x 68B)
Class jdk.internal.jrtfs.SystemImage                                                  : loaded 2 times (x 72B)
Class org.jetbrains.kotlin.load.java.JvmAnnotationNames                               : loaded 2 times (x 69B)
Class com.android.builder.model.v2.models.ProjectSyncIssues                           : loaded 2 times (x 68B)
Class kotlin.Result$Failure                                                           : loaded 2 times (x 70B)
Class org.gradle.internal.time.DefaultCountdownTimer                                  : loaded 2 times (x 86B)
Class com.google.common.collect.FluentIterable$3                                      : loaded 2 times (x 79B)
Class com.google.common.collect.Multiset                                              : loaded 2 times (x 68B)
Class com.google.common.collect.ArrayListMultimapGwtSerializationDependencies         : loaded 2 times (x 170B)
Class com.google.common.math.MathPreconditions                                        : loaded 2 times (x 69B)
Class org.jetbrains.kotlin.protobuf.ByteString$ByteIterator                           : loaded 2 times (x 68B)
Class org.jetbrains.kotlin.metadata.jvm.deserialization.JvmNameResolverBase$Companion : loaded 2 times (x 69B)
Class org.jetbrains.kotlin.metadata.ProtoBuf$MemberKind                               : loaded 2 times (x 80B)
Class ijKotlinCoroutineJvmDebugInit1_93x4rrjzhpd1k04afbhuinl9v$_run_closure1          : loaded 2 times (x 137B)
Class com.amazon.ion.impl._Private_IonReaderBuilder$TwoElementSequenceInputStream     : loaded 2 times (x 90B)
Class com.amazon.ion.impl.bin.IonManagedBinaryWriter$SymbolResolver                   : loaded 2 times (x 68B)
Class com.amazon.ion.impl._Private_SymbolToken                                        : loaded 2 times (x 68B)
Class com.amazon.ion.impl.bin._Private_IonManagedBinaryWriterBuilder$AllocatorMode    : loaded 2 times (x 78B)
Class org.jetbrains.plugins.gradle.tooling.util.ObjectCollector                       : loaded 2 times (x 70B)
Class org.jetbrains.plugins.gradle.model.GradleTaskModel                              : loaded 2 times (x 68B)
Class org.jetbrains.kotlin.descriptors.DescriptorVisibilities$3                       : loaded 2 times (x 77B)
Class org.gradle.tooling.internal.adapter.ProtocolToModelAdapter$AdaptingMethodInvoker: loaded 2 times (x 74B)
Class org.gradle.tooling.internal.gradle.DefaultBuildIdentifier                       : loaded 2 times (x 77B)
Class org.gradle.api.internal.classpath.Module                                        : loaded 2 times (x 68B)
Class org.jetbrains.kotlin.metadata.jvm.deserialization.ClassMapperLite               : loaded 2 times (x 69B)
Class org.jetbrains.kotlin.metadata.deserialization.Flags$FlagField                   : loaded 2 times (x 71B)
Class org.gradle.api.internal.ClassPathProvider                                       : loaded 2 times (x 68B)
Class com.amazon.ion.impl._Private_IonReaderBuilder$Mutable                           : loaded 2 times (x 93B)
Class com.intellij.openapi.externalSystem.model.project.IExternalSystemSourceType     : loaded 2 times (x 68B)
Class com.google.common.cache.Weigher                                                 : loaded 2 times (x 68B)
Class org.gradle.api.internal.classpath.UnknownModuleException                        : loaded 2 times (x 80B)
Class org.jetbrains.kotlin.metadata.ProtoBuf$TypeAliasOrBuilder                       : loaded 2 times (x 68B)
Class [Lorg.jetbrains.kotlin.metadata.ProtoBuf$Class$Kind;                            : loaded 2 times (x 67B)
Class jdk.internal.jimage.ImageHeader                                                 : loaded 2 times (x 69B)
Class org.jetbrains.plugins.gradle.tooling.serialization.ProjectDependenciesSerializationService$ReadContext: loaded 2 times (x 70B)
Class org.gradle.internal.impldep.gnu.trove.TObjectIdentityHashingStrategy            : loaded 2 times (x 76B)
Class com.intellij.openapi.externalSystem.model.project.dependencies.ProjectDependencies: loaded 2 times (x 68B)
Class org.jetbrains.kotlin.cli.common.arguments.K2JVMCompilerArguments$Companion      : loaded 2 times (x 69B)
Class org.jetbrains.kotlin.config.ApiVersion                                          : loaded 2 times (x 84B)
Class com.google.common.base.Stopwatch                                                : loaded 2 times (x 70B)
Class com.google.common.cache.LocalCache$Strength                                     : loaded 2 times (x 79B)
Class com.google.common.cache.Cache                                                   : loaded 2 times (x 68B)
Class com.google.gson.stream.JsonReader$1                                             : loaded 2 times (x 70B)
Class kotlin.collections.IndexingIterator                                             : loaded 2 times (x 77B)
Class org.jetbrains.kotlin.protobuf.LiteralByteString                                 : loaded 2 times (x 110B)
Class org.jetbrains.kotlin.protobuf.LazyFieldLite                                     : loaded 2 times (x 80B)
Class org.jetbrains.kotlin.build.report.metrics.BuildMetricsReporter                  : loaded 2 times (x 68B)
Class [Lorg.gradle.api.internal.ClassPathProvider;                                    : loaded 2 times (x 67B)
Class com.google.common.io.AppendableWriter                                           : loaded 2 times (x 98B)
Class com.google.common.io.Files$2                                                    : loaded 2 times (x 74B)
Class com.google.common.base.NullnessCasts                                            : loaded 2 times (x 69B)
Class com.google.common.util.concurrent.AbstractFuture$Cancellation                   : loaded 2 times (x 70B)
Class [Lkotlin.reflect.KAnnotatedElement;                                             : loaded 2 times (x 67B)
Class org.jetbrains.org.objectweb.asm.tree.VarInsnNode                                : loaded 2 times (x 76B)
Class org.jetbrains.org.objectweb.asm.FieldWriter                                     : loaded 2 times (x 75B)
Class org.jetbrains.org.objectweb.asm.MethodVisitor                                   : loaded 2 times (x 102B)
Class kotlin.io.ByteStreamsKt                                                         : loaded 2 times (x 69B)
Class com.amazon.ion.IonBufferConfiguration                                           : loaded 2 times (x 71B)
Class com.amazon.ion.impl.bin.Symbols                                                 : loaded 2 times (x 69B)
Class org.jetbrains.plugins.gradle.tooling.serialization.RepositoriesModelSerializationService: loaded 2 times (x 80B)
Class com.android.ide.gradle.model.artifacts.AdditionalClassifierArtifactsModel       : loaded 2 times (x 68B)
Class org.gradle.tooling.internal.gradle.GradleProjectIdentity                        : loaded 2 times (x 68B)
Class com.google.common.collect.AbstractMapBasedMultimap$WrappedCollection$WrappedIterator: loaded 2 times (x 82B)
Class com.google.common.collect.Maps$EntryFunction$1                                  : loaded 2 times (x 89B)
Class com.google.common.base.Present                                                  : loaded 2 times (x 79B)
Class org.jetbrains.kotlin.cli.common.arguments.CommonToolArguments$Companion         : loaded 2 times (x 69B)
Class com.google.common.cache.RemovalListener                                         : loaded 2 times (x 68B)
Class org.gradle.api.internal.DefaultClassPathRegistry                                : loaded 2 times (x 74B)
Class org.jetbrains.kotlin.metadata.ProtoBuf$Type$Argument$Projection$1               : loaded 2 times (x 72B)
Class org.jetbrains.kotlin.protobuf.SmallSortedMap$EmptySet$1                         : loaded 2 times (x 76B)
Class org.jetbrains.kotlin.protobuf.AbstractMessageLite$Builder$LimitedInputStream    : loaded 2 times (x 90B)
Class [Lcom.amazon.ion.impl.bin.AbstractIonWriter$WriteValueOptimization;             : loaded 2 times (x 67B)
Class org.jetbrains.plugins.gradle.tooling.serialization.RepositoriesModelSerializationService$ReadContext: loaded 2 times (x 70B)
Class com.google.common.collect.Sets$2                                                : loaded 2 times (x 137B)
Class kotlin.ranges.ClosedRange                                                       : loaded 2 times (x 68B)
Class com.android.builder.model.v2.ide.JavaArtifact                                   : loaded 2 times (x 68B)
Class com.google.common.collect.ImmutableMultimap$Keys                                : loaded 2 times (x 164B)
Class com.google.common.reflect.Invokable$ConstructorInvokable                        : loaded 2 times (x 105B)
Class com.google.common.collect.Maps$EntryFunction$2                                  : loaded 2 times (x 89B)
Class org.jetbrains.kotlin.load.java.JvmAbi                                           : loaded 2 times (x 69B)
Class [Lorg.jetbrains.kotlin.config.JvmDefaultMode;                                   : loaded 2 times (x 67B)
Class org.jetbrains.kotlin.cli.common.messages.MessageCollector                       : loaded 2 times (x 68B)
Class com.google.common.primitives.IntsMethodsForWeb                                  : loaded 2 times (x 69B)
Class org.gradle.api.internal.ClassPathRegistry                                       : loaded 2 times (x 68B)
Class org.gradle.internal.classpath.DefaultClassPath$ImmutableUniqueList              : loaded 2 times (x 197B)
Class org.jetbrains.kotlin.descriptors.Visibilities$Protected                         : loaded 2 times (x 77B)
Class org.jetbrains.kotlin.metadata.ProtoBuf$PackageOrBuilder                         : loaded 2 times (x 68B)
Class org.jetbrains.kotlin.metadata.jvm.JvmProtoBuf$JvmPropertySignature              : loaded 2 times (x 112B)
Class org.jetbrains.kotlin.metadata.ProtoBuf$ValueParameterOrBuilder                  : loaded 2 times (x 68B)
Class org.jetbrains.org.objectweb.asm.ByteVector                                      : loaded 2 times (x 76B)
Class org.jetbrains.kotlin.protobuf.SmallSortedMap$EmptySet$2                         : loaded 2 times (x 76B)
Class [Lcom.google.common.base.Function;                                              : loaded 2 times (x 67B)
Class jdk.internal.jimage.decompressor.ResourceDecompressor                           : loaded 2 times (x 68B)
Class com.amazon.ion.impl.bin.IonManagedBinaryWriter$UserState                        : loaded 2 times (x 83B)
Class org.jetbrains.plugins.gradle.tooling.serialization.internal.adapter.InternalBuildIdentifier: loaded 2 times (x 73B)
Class com.amazon.ion.impl._Private_IonWriter                                          : loaded 2 times (x 68B)
Class com.amazon.ion.impl.bin._Private_IonManagedBinaryWriterBuilder                  : loaded 2 times (x 70B)
Class com.intellij.gradle.toolingExtension.impl.model.projectModel.GradleExternalProjectSerializationService$WriteContext: loaded 2 times (x 71B)
Class kotlin.collections.IntIterator                                                  : loaded 2 times (x 80B)
Class com.google.common.collect.Maps$ViewCachingAbstractMap                           : loaded 2 times (x 123B)
Class com.google.common.collect.MapMakerInternalMap$Segment                           : loaded 2 times (x 140B)
Class com.google.common.reflect.TypeToken                                             : loaded 2 times (x 71B)
Class com.google.common.base.ExtraObjectsMethodsForWeb                                : loaded 2 times (x 69B)
Class org.jetbrains.kotlin.descriptors.DeclarationDescriptor                          : loaded 2 times (x 68B)
Class org.jetbrains.kotlin.descriptors.DescriptorVisibilities                         : loaded 2 times (x 69B)
Class org.jetbrains.org.objectweb.asm.tree.LookupSwitchInsnNode                       : loaded 2 times (x 76B)
Class org.jetbrains.kotlin.load.kotlin.KotlinJvmBinaryClass$AnnotationArrayArgumentVisitor: loaded 2 times (x 68B)
Class com.google.common.collect.MapMakerInternalMap$Strength$1                        : loaded 2 times (x 78B)
Class org.gradle.tooling.ToolingModelContract                                         : loaded 2 times (x 68B)
Class kotlin.sequences.SequenceScope                                                  : loaded 2 times (x 71B)
Class [Lcom.amazon.ion.SymbolToken;                                                   : loaded 2 times (x 67B)
Class com.android.builder.model.v2.dsl.SigningConfig                                  : loaded 2 times (x 68B)
Class com.android.builder.model.v2.models.BasicAndroidProject                         : loaded 2 times (x 68B)
Class com.android.builder.model.v2.models.AndroidProject                              : loaded 2 times (x 68B)
Class com.android.builder.model.v2.AndroidModel                                       : loaded 2 times (x 68B)
Class kotlin.text.MatchResult                                                         : loaded 2 times (x 68B)
Class com.google.common.io.ByteSink                                                   : loaded 2 times (x 74B)
Class org.jetbrains.kotlin.cli.common.messages.CompilerMessageSourceLocation          : loaded 2 times (x 68B)
Class org.jetbrains.kotlin.config.JvmDefaultMode$Companion                            : loaded 2 times (x 69B)
Class com.google.common.cache.CacheBuilder                                            : loaded 2 times (x 70B)
Class Settings_gradle$1                                                               : loaded 2 times (x 72B)
Class org.gradle.internal.classpath.ClassPath                                         : loaded 2 times (x 68B)
Class com.google.common.collect.NaturalOrdering                                       : loaded 2 times (x 113B)
Class org.jetbrains.kotlin.metadata.deserialization.TypeTable                         : loaded 2 times (x 70B)
Class org.jetbrains.kotlin.load.kotlin.FileBasedKotlinClass$1                         : loaded 2 times (x 85B)
Class kotlin.sequences.SequencesKt__SequencesKt$asSequence$$inlined$Sequence$1        : loaded 2 times (x 73B)
Class org.jetbrains.plugins.gradle.model.ExternalProjectDependency                    : loaded 2 times (x 68B)
Class org.jetbrains.plugins.gradle.tooling.serialization.KotlinDslScriptsModelSerializationService: loaded 2 times (x 79B)
Class com.amazon.ion.SymbolToken                                                      : loaded 2 times (x 68B)
Class kotlin.collections.ArrayDeque                                                   : loaded 2 times (x 205B)
Class com.google.common.collect.Interners$InternerBuilder                             : loaded 2 times (x 74B)
Class [Lcom.google.common.reflect.Types$JavaVersion;                                  : loaded 2 times (x 67B)
Class com.google.common.io.Files$FileByteSource                                       : loaded 2 times (x 83B)
Class com.google.common.base.JdkPattern                                               : loaded 2 times (x 73B)
Class org.jetbrains.kotlin.metadata.ProtoBuf$Type$ArgumentOrBuilder                   : loaded 2 times (x 68B)
Class kotlin.jvm.internal.Lambda                                                      : loaded 2 times (x 73B)
Class org.jetbrains.kotlin.protobuf.GeneratedMessageLite$GeneratedExtension           : loaded 2 times (x 77B)
Class org.jetbrains.kotlin.load.kotlin.FileBasedKotlinClass$2                         : loaded 2 times (x 85B)
Class com.amazon.ion.impl.bin.IonRawBinaryWriter                                      : loaded 2 times (x 167B)
Class com.amazon.ion.system.IonSystemBuilder$Mutable                                  : loaded 2 times (x 73B)
Class com.amazon.ion.impl.bin.IonManagedBinaryWriter$SymbolResolverBuilder            : loaded 2 times (x 68B)
Class org.jetbrains.plugins.gradle.tooling.serialization.ExternalTestsSerializationService$WriteContext: loaded 2 times (x 70B)
Class org.jetbrains.kotlin.idea.gradleTooling.KotlinGradleModel                       : loaded 2 times (x 68B)
Class com.google.common.io.CharStreams$NullWriter                                     : loaded 2 times (x 97B)
Class org.jetbrains.kotlin.cli.common.arguments.Freezable                             : loaded 2 times (x 70B)
Class org.objectweb.asm.SymbolTable$Entry                                             : loaded 2 times (x 72B)
Class com.google.common.util.concurrent.AbstractFuture$AtomicHelper                   : loaded 2 times (x 76B)
Class com.google.gson.internal.JsonReaderInternalAccess                               : loaded 2 times (x 70B)
Class org.jetbrains.kotlin.metadata.ProtoBuf$Class                                    : loaded 2 times (x 178B)
Class org.jetbrains.kotlin.metadata.ProtoBuf$Property$1                               : loaded 2 times (x 142B)
Class org.jetbrains.kotlin.metadata.ProtoBuf$Type                                     : loaded 2 times (x 143B)
Class org.jetbrains.org.objectweb.asm.ClassWriter                                     : loaded 2 times (x 102B)
Class org.jetbrains.kotlin.load.kotlin.FileBasedKotlinClass$3                         : loaded 2 times (x 75B)
Class jdk.internal.jimage.ImageStringsReader                                          : loaded 2 times (x 78B)
Class com.amazon.ion.impl._Private_RecyclingStack$Recycler                            : loaded 2 times (x 68B)
Class com.amazon.ion.impl.bin.IonManagedBinaryWriter$LocalSymbolTableView             : loaded 2 times (x 105B)
Class com.amazon.ion.impl.bin.IonRawBinaryWriter$ThrowingRunnable                     : loaded 2 times (x 68B)
Class com.android.builder.model.v2.ide.Variant                                        : loaded 2 times (x 68B)
Class com.amazon.ion.impl.SharedSymbolTable                                           : loaded 2 times (x 91B)
Class org.gradle.tooling.model.Model                                                  : loaded 2 times (x 68B)
Class org.objectweb.asm.Edge                                                          : loaded 2 times (x 70B)
Class com.google.common.base.Suppliers$SupplierOfInstance                             : loaded 2 times (x 77B)
Class org.jetbrains.kotlin.load.kotlin.FileBasedKotlinClass$4                         : loaded 2 times (x 85B)
Class com.amazon.ion.impl._Private_RecyclingStack$$Iterator                           : loaded 2 times (x 97B)
Class com.amazon.ion.UnknownSymbolException                                           : loaded 2 times (x 84B)
Class com.android.ide.gradle.model.composites.BuildMap                                : loaded 2 times (x 68B)
Class org.jetbrains.kotlin.protobuf.ExtensionRegistryLite                             : loaded 2 times (x 72B)
Class org.jetbrains.kotlin.metadata.jvm.JvmProtoBuf$JvmFieldSignature                 : loaded 2 times (x 106B)
Class kotlin.text.MatchResult$Destructured                                            : loaded 2 times (x 70B)
Class kotlin.Metadata                                                                 : loaded 2 times (x 68B)
Class com.google.common.reflect.TypeToken$1                                           : loaded 2 times (x 108B)
Class com.google.common.cache.LocalCache$ComputingValueReference                      : loaded 2 times (x 94B)
Class org.jetbrains.org.objectweb.asm.tree.LocalVariableNode                          : loaded 2 times (x 71B)
Class org.jetbrains.kotlin.metadata.ProtoBuf$Annotation$Argument                      : loaded 2 times (x 106B)
Class org.jetbrains.kotlin.metadata.ProtoBuf$Class$Kind                               : loaded 2 times (x 80B)
Class org.jetbrains.kotlin.protobuf.GeneratedMessageLite$Builder                      : loaded 2 times (x 126B)
Class org.jetbrains.kotlin.protobuf.WireFormat$FieldType$1                            : loaded 2 times (x 81B)
Class org.jetbrains.kotlin.metadata.jvm.JvmProtoBuf$JvmMethodSignatureOrBuilder       : loaded 2 times (x 68B)
Class org.jetbrains.kotlin.protobuf.ByteString                                        : loaded 2 times (x 106B)
Class jdk.internal.jimage.ImageReader                                                 : loaded 2 times (x 73B)
Class org.jetbrains.plugins.gradle.model.IntelliJProjectSettings                      : loaded 2 times (x 68B)
Class ijInit1_3ge02yh6i95uxuo98vxla21cx                                               : loaded 2 times (x 177B)
Class com.android.builder.model.v2.ide.Library                                        : loaded 2 times (x 68B)
Class com.android.builder.model.v2.ide.ArtifactDependenciesAdjacencyList              : loaded 2 times (x 68B)
Class com.android.builder.model.v2.models.Versions                                    : loaded 2 times (x 68B)
Class org.gradle.tooling.internal.adapter.ProtocolToModelAdapter$MethodInvocationCache: loaded 2 times (x 71B)
Class com.google.common.collect.AbstractMapBasedMultimap$AsMap$AsMapEntries           : loaded 2 times (x 136B)
Class com.google.common.reflect.TypeToken$2                                           : loaded 2 times (x 108B)
Class [Lorg.jetbrains.kotlin.cli.common.messages.CompilerMessageSeverity;             : loaded 2 times (x 67B)
Class com.google.common.cache.LocalCache$Segment                                      : loaded 2 times (x 152B)
Class org.jetbrains.kotlin.metadata.ProtoBuf$TypeParameter                            : loaded 2 times (x 128B)
Class org.jetbrains.kotlin.metadata.ProtoBuf$ValueParameter$1                         : loaded 2 times (x 142B)
Class [Lorg.jetbrains.kotlin.protobuf.WireFormat$FieldType;                           : loaded 2 times (x 67B)
Class org.jetbrains.kotlin.protobuf.WireFormat$FieldType$2                            : loaded 2 times (x 81B)
Class jdk.internal.jimage.ImageReader$SharedImageReader                               : loaded 2 times (x 93B)
Class org.jetbrains.plugins.gradle.model.ExternalDependency                           : loaded 2 times (x 68B)
Class com.intellij.util.containers.IntObjectHashMap                                   : loaded 2 times (x 70B)
Class org.jetbrains.kotlin.metadata.ProtoBuf$Modality                                 : loaded 2 times (x 80B)
Class org.jetbrains.kotlin.descriptors.DescriptorVisibilities$2                       : loaded 2 times (x 77B)
Class org.gradle.api.internal.DefaultClassPathProvider                                : loaded 2 times (x 74B)
Class com.android.builder.model.v2.models.ndk.NativeModule                            : loaded 2 times (x 68B)
Class [Lcom.google.common.base.Supplier;                                              : loaded 2 times (x 67B)
Class org.jetbrains.kotlin.utils.DescriptionAware                                     : loaded 2 times (x 68B)
Class com.google.common.collect.AbstractListMultimap                                  : loaded 2 times (x 170B)
Class [Lorg.objectweb.asm.SymbolTable$Entry;                                          : loaded 2 times (x 67B)
Class com.google.common.cache.CacheLoader                                             : loaded 2 times (x 72B)
Class org.gradle.internal.installation.GradleInstallation$1                           : loaded 2 times (x 73B)
Class org.gradle.api.internal.classpath.ModuleRegistry                                : loaded 2 times (x 68B)
Class org.jetbrains.kotlin.protobuf.WireFormat$FieldType$3                            : loaded 2 times (x 81B)
Class org.jetbrains.org.objectweb.asm.AnnotationVisitor                               : loaded 2 times (x 75B)
Class jdk.internal.jimage.decompressor.ResourceDecompressorFactory                    : loaded 2 times (x 72B)
Class com.amazon.ion.impl.bin.IonManagedBinaryWriter$SymbolState$1                    : loaded 2 times (x 78B)
Class com.amazon.ion.impl.LocalSymbolTableAsStruct$Factory                            : loaded 2 times (x 77B)
Class [Lcom.amazon.ion.IonType;                                                       : loaded 2 times (x 67B)
Class com.intellij.gradle.toolingExtension.impl.model.sourceSetDependencyModel.GradleSourceSetDependencySerialisationService$SourceSetDependencyModelReadContext: loaded 2 times (x 70B)
Class com.intellij.gradle.toolingExtension.impl.model.dependencyModel.DependencyReadContext: loaded 2 times (x 70B)
Class org.jetbrains.plugins.gradle.model.VersionCatalogsModel                         : loaded 2 times (x 68B)
Class com.android.builder.model.v2.ide.PrivacySandboxSdkInfo                          : loaded 2 times (x 68B)
Class org.objectweb.asm.AnnotationVisitor                                             : loaded 2 times (x 76B)
Class com.android.ide.common.repository.AgpVersion$PreviewKind$Companion              : loaded 2 times (x 69B)
Class org.gradle.tooling.internal.adapter.ObjectGraphAdapter                          : loaded 2 times (x 68B)
Class com.google.common.base.Splitter$SplittingIterator                               : loaded 2 times (x 82B)
Class com.google.common.util.concurrent.internal.InternalFutureFailureAccess          : loaded 2 times (x 70B)
Class com.google.common.collect.ImmutableSet$JdkBackedSetBuilderImpl                  : loaded 2 times (x 74B)
Class [Lorg.jetbrains.org.objectweb.asm.Type;                                         : loaded 2 times (x 67B)
Class [Lorg.jetbrains.kotlin.metadata.ProtoBuf$Annotation$Argument$Value$Type;        : loaded 2 times (x 67B)
Class org.jetbrains.kotlin.metadata.ProtoBuf$VersionRequirement$Level                 : loaded 2 times (x 80B)
Class org.jetbrains.kotlin.metadata.ProtoBuf$VersionRequirementOrBuilder              : loaded 2 times (x 68B)
Class org.jetbrains.kotlin.descriptors.Visibilities$Internal                          : loaded 2 times (x 77B)
Class org.jetbrains.kotlin.metadata.ProtoBuf$Contract$1                               : loaded 2 times (x 142B)
Class org.jetbrains.kotlin.metadata.ProtoBuf$Type$1                                   : loaded 2 times (x 142B)
Class org.jetbrains.kotlin.protobuf.WireFormat$FieldType$4                            : loaded 2 times (x 81B)
Class org.jetbrains.kotlin.metadata.jvm.JvmProtoBuf$JvmMethodSignature$1              : loaded 2 times (x 142B)
Class org.jetbrains.kotlin.load.kotlin.FileBasedKotlinClass$3$1                       : loaded 2 times (x 75B)
Class com.google.common.collect.Sets$1                                                : loaded 2 times (x 137B)
Class org.jetbrains.plugins.gradle.model.ProjectImportModelProvider                   : loaded 2 times (x 68B)
Class org.jetbrains.plugins.gradle.model.ExternalSourceSet                            : loaded 2 times (x 68B)
Class com.amazon.ion.impl.bin.IonManagedBinaryWriter$SymbolState$2                    : loaded 2 times (x 78B)
Class com.amazon.ion.IonNull                                                          : loaded 2 times (x 68B)
Class com.intellij.gradle.toolingExtension.impl.model.warmUp.GradleTaskWarmUpRequest  : loaded 2 times (x 68B)
Class com.google.common.base.Splitter                                                 : loaded 2 times (x 70B)
Class com.android.builder.model.v2.ide.Installation                                   : loaded 2 times (x 68B)
Class com.google.common.collect.ImmutableSortedAsList                                 : loaded 2 times (x 219B)
Class kotlin.text.RegexKt                                                             : loaded 2 times (x 69B)
Class kotlin.coroutines.intrinsics.IntrinsicsKt__IntrinsicsKt                         : loaded 2 times (x 69B)
Class com.google.common.collect.ImmutableMultimap$Values                              : loaded 2 times (x 124B)
Class com.google.common.collect.Iterators$6                                           : loaded 2 times (x 79B)
Class com.google.common.util.concurrent.AbstractFuture$UnsafeAtomicHelper             : loaded 2 times (x 76B)
Class com.google.common.cache.LocalCache$LocalManualCache$1                           : loaded 2 times (x 73B)
Class org.jetbrains.kotlin.metadata.ProtoBuf$Expression                               : loaded 2 times (x 118B)
Class com.google.common.collect.Iterators$EmptyModifiableIterator                     : loaded 2 times (x 84B)
Class com.google.common.collect.ComparatorOrdering                                    : loaded 2 times (x 113B)
Class ijJvmDebugger1_e0ibgtp04hjqy43pfcra392z5$_run_closure1                          : loaded 2 times (x 137B)
Class jdk.internal.jimage.ImageReader$Node                                            : loaded 2 times (x 82B)
Class com.amazon.ion.impl.bin.IonRawBinaryWriter$ContainerInfo                        : loaded 2 times (x 72B)
Class com.amazon.ion.impl.bin.IonManagedBinaryWriter$SymbolState$3                    : loaded 2 times (x 78B)
Class com.amazon.ion.impl.bin.IonRawBinaryWriter$StreamFlushMode                      : loaded 2 times (x 77B)
Class com.amazon.ion.IonBinaryWriter                                                  : loaded 2 times (x 68B)
Class com.intellij.gradle.toolingExtension.impl.model.sourceSetArtifactIndex.GradleSourceSetArtifactBuildRequest: loaded 2 times (x 68B)
Class com.android.ide.common.gradle.Numeric                                           : loaded 2 times (x 75B)
Class com.android.builder.model.v2.models.ModelBuilderParameter                       : loaded 2 times (x 68B)
Class com.google.common.collect.Lists$TransformingRandomAccessList                    : loaded 2 times (x 197B)
Class org.gradle.internal.impldep.gnu.trove.TObjectIntHashMap                         : loaded 2 times (x 107B)
Class org.jetbrains.kotlin.config.AnalysisFlag                                        : loaded 2 times (x 70B)
Class org.gradle.api.internal.classpath.DefaultModuleRegistry                         : loaded 2 times (x 84B)
Class org.jetbrains.kotlin.metadata.ProtoBuf$Annotation$Argument$1                    : loaded 2 times (x 142B)
Class org.jetbrains.kotlin.metadata.deserialization.Flags$BooleanFlagField            : loaded 2 times (x 74B)
Class kotlin.collections.IndexedValue                                                 : loaded 2 times (x 70B)
Class org.jetbrains.kotlin.metadata.ProtoBuf$Function$1                               : loaded 2 times (x 142B)
Class org.jetbrains.org.objectweb.asm.AnnotationWriter                                : loaded 2 times (x 76B)
Class org.jetbrains.kotlin.metadata.jvm.deserialization.JvmProtoBufUtil               : loaded 2 times (x 69B)
Class org.jetbrains.kotlin.load.kotlin.KotlinJvmBinaryClass$AnnotationVisitor         : loaded 2 times (x 68B)
Class com.intellij.gradle.toolingExtension.impl.model.buildScriptClasspathModel.GradleBuildScriptClasspathSerializationService$ReadContext: loaded 2 times (x 70B)
Class com.amazon.ion.impl._Private_IonContainer                                       : loaded 2 times (x 68B)
Class org.jetbrains.kotlin.build.report.metrics.GradleBuildTime$Companion             : loaded 2 times (x 69B)
Class jdk.internal.jimage.BasicImageReader$1                                          : loaded 2 times (x 75B)
Class com.amazon.ion.impl.bin.IonManagedBinaryWriter$SymbolState$4                    : loaded 2 times (x 78B)
Class org.jetbrains.plugins.gradle.tooling.serialization.internal.IdeaProjectSerializationService$WriteContext$1: loaded 2 times (x 81B)
Class org.jetbrains.plugins.gradle.model.ExternalProject                              : loaded 2 times (x 68B)
Class com.amazon.ion.impl._Private_RecyclingQueue$ElementFactory                      : loaded 2 times (x 68B)
Class org.jetbrains.kotlin.protobuf.CodedOutputStream$ByteBufferOutputStream          : loaded 2 times (x 84B)
Class com.google.common.util.concurrent.ListenableFuture                              : loaded 2 times (x 68B)
Class com.google.common.cache.ReferenceEntry                                          : loaded 2 times (x 68B)
Class com.google.common.base.Converter                                                : loaded 2 times (x 88B)
Class [Lkotlin.reflect.KCallable;                                                     : loaded 2 times (x 67B)
Class com.amazon.ion.impl.bin.utf8.Pool                                               : loaded 2 times (x 72B)
Class com.amazon.ion.impl._Private_SymtabExtendsCache                                 : loaded 2 times (x 70B)
Class org.jetbrains.plugins.gradle.tooling.serialization.internal.IdeaProjectSerializationService$WriteContext$2: loaded 2 times (x 81B)
Class [Lcom.android.builder.model.v2.ide.CodeShrinker;                                : loaded 2 times (x 67B)
Class org.jetbrains.kotlin.descriptors.DescriptorVisibilities$1                       : loaded 2 times (x 77B)
Class org.jetbrains.kotlin.util.ModuleVisibilityHelper                                : loaded 2 times (x 68B)
Class com.google.common.collect.AbstractMapBasedMultimap                              : loaded 2 times (x 137B)
Class com.google.common.util.concurrent.AbstractFuture                                : loaded 2 times (x 104B)
Class com.google.common.base.FunctionalEquivalence                                    : loaded 2 times (x 81B)
Class org.jetbrains.kotlin.descriptors.Visibilities$Private                           : loaded 2 times (x 77B)
Class kotlin.LazyKt__LazyJVMKt                                                        : loaded 2 times (x 69B)
Class com.amazon.ion.impl._Private_IonSymbol                                          : loaded 2 times (x 68B)
Class com.amazon.ion.impl.lite.IonValueLite                                           : loaded 2 times (x 145B)
Class com.amazon.ion.IonContainer                                                     : loaded 2 times (x 68B)
Class com.amazon.ion.impl.bin.PooledBlockAllocatorProvider                            : loaded 2 times (x 71B)
Class org.jetbrains.plugins.gradle.tooling.serialization.AnnotationProcessingModelSerializationService$ReadContext: loaded 2 times (x 70B)
Class org.jetbrains.plugins.gradle.tooling.serialization.internal.IdeaProjectSerializationService$WriteContext$3: loaded 2 times (x 81B)
Class kotlin.coroutines.jvm.internal.RestrictedContinuationImpl                       : loaded 2 times (x 85B)
Class org.gradle.util.internal.DefaultGradleVersion$Stage                             : loaded 2 times (x 73B)
Class com.google.common.io.CharStreams                                                : loaded 2 times (x 69B)
Class com.google.common.collect.ImmutableMultiset                                     : loaded 2 times (x 161B)
Class com.google.common.reflect.TypeResolver$TypeTable                                : loaded 2 times (x 71B)
Class org.jetbrains.kotlin.config.ExplicitApiMode                                     : loaded 2 times (x 77B)
Class org.objectweb.asm.RecordComponentVisitor                                        : loaded 2 times (x 75B)
Class com.google.common.cache.CacheLoader$SupplierToCacheLoader                       : loaded 2 times (x 73B)
Class org.jetbrains.kotlin.metadata.ProtoBuf$VersionRequirement$VersionKind$1         : loaded 2 times (x 72B)
Class org.jetbrains.kotlin.metadata.ProtoBuf$Annotation$1                             : loaded 2 times (x 142B)
Class org.jetbrains.kotlin.protobuf.AbstractParser                                    : loaded 2 times (x 142B)
Class com.google.common.collect.ImmutableEnumMap                                      : loaded 2 times (x 124B)
Class com.google.common.collect.ListMultimap                                          : loaded 2 times (x 68B)
Class jdk.internal.jimage.decompressor.Decompressor                                   : loaded 2 times (x 70B)
Class jdk.internal.jimage.ImageReader$Resource                                        : loaded 2 times (x 82B)
Class org.jetbrains.kotlin.idea.gradleTooling.AndroidAwareGradleModelProvider         : loaded 2 times (x 77B)
Class org.jetbrains.plugins.gradle.tooling.serialization.internal.IdeaProjectSerializationService$WriteContext$4: loaded 2 times (x 81B)
Class com.intellij.gradle.toolingExtension.impl.model.sourceSetDependencyModel.GradleSourceSetDependencySerialisationService$Companion: loaded 2 times (x 69B)
Class com.google.common.collect.CollectSpliterators$1WithCharacteristics              : loaded 2 times (x 88B)
Class com.google.common.collect.UsingToStringOrdering                                 : loaded 2 times (x 112B)
Class kotlin.text.MatchNamedGroupCollection                                           : loaded 2 times (x 68B)
Class kotlin.jvm.internal.markers.KMutableList                                        : loaded 2 times (x 68B)
Class org.gradle.internal.time.MonotonicClock                                         : loaded 2 times (x 75B)
Class com.google.common.reflect.TypeResolver$TypeTable$1                              : loaded 2 times (x 71B)
Class org.jetbrains.kotlin.cli.common.CompilerSystemProperties$value$1                : loaded 2 times (x 123B)
Class com.google.common.collect.Maps$EntryTransformer                                 : loaded 2 times (x 68B)
Class org.gradle.internal.service.ServiceLookupException                              : loaded 2 times (x 80B)
Class org.jetbrains.kotlin.metadata.ProtoBuf$Expression$ConstantValue                 : loaded 2 times (x 80B)
Class [Lorg.jetbrains.kotlin.protobuf.Internal$EnumLite;                              : loaded 2 times (x 67B)
Class jdk.internal.jrtfs.JrtFileAttributes                                            : loaded 2 times (x 81B)
Class com.amazon.ion.BufferConfiguration$Builder                                      : loaded 2 times (x 76B)
Class org.jetbrains.plugins.gradle.tooling.serialization.internal.IdeaProjectSerializationService$WriteContext$5: loaded 2 times (x 81B)
Class com.intellij.gradle.toolingExtension.impl.model.sourceSetDependencyModel.GradleSourceSetDependencySerialisationService$SourceSetDependencyModelWriteContext: loaded 2 times (x 70B)
Class kotlin.sequences.SequencesKt___SequencesKt$sortedWith$1                         : loaded 2 times (x 73B)
Class com.google.common.collect.Lists$ReverseList                                     : loaded 2 times (x 198B)
Class org.gradle.tooling.internal.gradle.DefaultProjectIdentifier                     : loaded 2 times (x 84B)
Class com.google.common.base.CharMatcher$JavaLetter                                   : loaded 2 times (x 109B)
Class [Lcom.google.common.cache.LocalCache$EntryFactory;                              : loaded 2 times (x 67B)
Class org.gradle.internal.classloader.ClassLoaderFactory                              : loaded 2 times (x 68B)
Class com.amazon.ion.impl.bin.IntList                                                 : loaded 2 times (x 75B)
Class com.amazon.ion.impl._Private_RecyclingQueue$ElementIterator                     : loaded 2 times (x 80B)
Class com.amazon.ion.impl.lite._Private_LiteDomTrampoline                             : loaded 2 times (x 69B)
Class com.amazon.ion.IonType                                                          : loaded 2 times (x 77B)
Class org.jetbrains.plugins.gradle.tooling.serialization.internal.IdeaProjectSerializationService$WriteContext$6: loaded 2 times (x 81B)
Class org.jetbrains.plugins.gradle.tooling.util.IntObjectMap                          : loaded 2 times (x 71B)
Class com.android.builder.model.v2.models.AndroidDsl                                  : loaded 2 times (x 68B)
Class com.amazon.ion.IonWriter                                                        : loaded 2 times (x 68B)
Class com.android.builder.model.v2.ide.LibraryInfo                                    : loaded 2 times (x 68B)
Class com.google.common.base.CommonPattern                                            : loaded 2 times (x 72B)
Class com.google.common.cache.LocalCache$LocalManualCache                             : loaded 2 times (x 97B)
Class org.gradle.internal.service.CachingServiceLocator                               : loaded 2 times (x 80B)
Class org.jetbrains.kotlin.descriptors.Visibilities$Public                            : loaded 2 times (x 77B)
Class com.amazon.ion.impl.bin._Private_IonRawWriter                                   : loaded 2 times (x 68B)
Class org.jetbrains.kotlin.protobuf.ExtensionRegistryLite$ObjectIntPair               : loaded 2 times (x 70B)
Class org.jetbrains.kotlin.metadata.ProtoBuf$Class$1                                  : loaded 2 times (x 142B)
Class org.jetbrains.kotlin.load.kotlin.header.ReadKotlinClassHeaderAnnotationVisitor$KotlinMetadataArgumentVisitor$1: loaded 2 times (x 83B)
Class com.amazon.ion.impl.lite.ValueFactoryLite                                       : loaded 2 times (x 216B)
Class org.jetbrains.plugins.gradle.tooling.serialization.internal.IdeaProjectSerializationService$WriteContext$7: loaded 2 times (x 81B)
Class org.jetbrains.plugins.gradle.model.RepositoryModels                             : loaded 2 times (x 68B)
Class com.amazon.ion.impl.bin.IonRawBinaryWriter$PreallocationMode                    : loaded 2 times (x 80B)
Class kotlin.collections.AbstractList$SubList                                         : loaded 2 times (x 196B)
Class com.google.common.collect.Streams                                               : loaded 2 times (x 69B)
Class com.google.common.collect.AbstractMapBasedMultimap$KeySet                       : loaded 2 times (x 135B)
Class com.google.common.math.IntMath                                                  : loaded 2 times (x 69B)
Class org.jetbrains.kotlin.metadata.ProtoBuf$VersionRequirement$1                     : loaded 2 times (x 142B)
Class org.jetbrains.kotlin.metadata.jvm.JvmProtoBuf$StringTableTypes$Record$1         : loaded 2 times (x 142B)
Class org.jetbrains.org.objectweb.asm.tree.AnnotationNode                             : loaded 2 times (x 77B)
Class org.jetbrains.kotlin.load.kotlin.header.ReadKotlinClassHeaderAnnotationVisitor$KotlinMetadataArgumentVisitor$2: loaded 2 times (x 83B)
Class org.jetbrains.kotlin.build.report.metrics.BuildTime                             : loaded 2 times (x 68B)
Class com.amazon.ion.impl.bin.WriteBuffer                                             : loaded 2 times (x 76B)
Class com.amazon.ion.impl.bin.IonManagedBinaryWriter                                  : loaded 2 times (x 164B)
Class org.jetbrains.plugins.gradle.tooling.serialization.internal.IdeaProjectSerializationService$WriteContext$8: loaded 2 times (x 81B)
Class [Lorg.gradle.api.JavaVersion;                                                   : loaded 2 times (x 67B)
Class com.amazon.ion.impl.lite.IonSystemLite                                          : loaded 2 times (x 273B)
Class kotlin.ranges.IntRange                                                          : loaded 2 times (x 91B)
Class org.gradle.tooling.model.idea.IdeaDependencyScope                               : loaded 2 times (x 68B)
Class org.gradle.internal.time.TimeSource                                             : loaded 2 times (x 68B)
Class org.gradle.tooling.model.kotlin.dsl.KotlinDslScriptsModel                       : loaded 2 times (x 68B)
Class com.google.common.collect.MapMakerInternalMap$InternalEntry                     : loaded 2 times (x 68B)
Class com.google.common.reflect.Types$TypeVariableInvocationHandler                   : loaded 2 times (x 73B)
Class org.jetbrains.kotlin.descriptors.CallableMemberDescriptor$Kind                  : loaded 2 times (x 77B)
Class org.jetbrains.kotlin.metadata.ProtoBuf$TypeParameterOrBuilder                   : loaded 2 times (x 68B)
Class org.jetbrains.kotlin.metadata.ProtoBuf$Property                                 : loaded 2 times (x 146B)
Class org.jetbrains.org.objectweb.asm.Type                                            : loaded 2 times (x 70B)
Class org.jetbrains.kotlin.metadata.jvm.deserialization.JvmMetadataVersion            : loaded 2 times (x 72B)
Class [Lorg.jetbrains.kotlin.descriptors.CallableMemberDescriptor$Kind;               : loaded 2 times (x 67B)
Class org.jetbrains.kotlin.build.report.metrics.DoNothingBuildMetricsReporter         : loaded 2 times (x 84B)
Class com.amazon.ion.impl.lite.IonBlobLite                                            : loaded 2 times (x 217B)
Class com.amazon.ion.impl.LocalSymbolTable                                            : loaded 2 times (x 119B)
Class org.jetbrains.plugins.gradle.tooling.serialization.SerializationService         : loaded 2 times (x 68B)
Class org.jetbrains.kotlin.metadata.ProtoBuf$EnumEntry                                : loaded 2 times (x 116B)
Class org.gradle.api.internal.classpath.EffectiveClassPath                            : loaded 2 times (x 88B)
Class com.android.builder.model.v2.ide.TestInfo                                       : loaded 2 times (x 68B)
Class kotlin.sequences.SequencesKt___SequencesKt$flatMap$2                            : loaded 2 times (x 123B)
Class org.gradle.tooling.internal.gradle.GradleBuildIdentity                          : loaded 2 times (x 68B)
Class com.google.common.base.Predicates                                               : loaded 2 times (x 69B)
Class org.jetbrains.kotlin.cli.common.arguments.CommonCompilerArguments$Companion     : loaded 2 times (x 69B)
Class com.google.common.base.Equivalence                                              : loaded 2 times (x 80B)
Class org.jetbrains.org.objectweb.asm.TypePath                                        : loaded 2 times (x 70B)
Class org.jetbrains.kotlin.metadata.jvm.deserialization.UtfEncodingKt                 : loaded 2 times (x 69B)
Class org.jetbrains.kotlin.metadata.jvm.JvmProtoBuf$JvmFieldSignature$1               : loaded 2 times (x 142B)
Class org.jetbrains.kotlin.metadata.ProtoBuf$TypeTable                                : loaded 2 times (x 107B)
Class org.jetbrains.kotlin.metadata.jvm.JvmProtoBuf$JvmMethodSignature                : loaded 2 times (x 106B)
Class org.jetbrains.kotlin.protobuf.MessageLiteOrBuilder                              : loaded 2 times (x 68B)
Class org.jetbrains.kotlin.load.kotlin.header.ReadKotlinClassHeaderAnnotationVisitor$KotlinMetadataArgumentVisitor: loaded 2 times (x 84B)
Class [Lcom.android.ide.common.repository.AgpVersion$PreviewKind;                     : loaded 2 times (x 67B)
Class com.amazon.ion.IonList                                                          : loaded 2 times (x 68B)
Class org.jetbrains.plugins.gradle.tooling.serialization.internal.adapter.Supplier    : loaded 2 times (x 68B)
Class com.android.builder.model.v2.ide.JavaCompileOptions                             : loaded 2 times (x 68B)
Class com.google.common.collect.Ordering                                              : loaded 2 times (x 112B)
Class org.gradle.tooling.internal.adapter.ProtocolToModelAdapter$MixInMappingAction   : loaded 2 times (x 78B)
Class org.gradle.internal.exceptions.ResolutionProvider                               : loaded 2 times (x 68B)
Class com.google.common.collect.IndexedImmutableSet$1                                 : loaded 2 times (x 211B)
Class [Lorg.jetbrains.kotlin.cli.common.CompilerSystemProperties;                     : loaded 2 times (x 67B)
Class com.google.common.cache.CacheBuilder$OneWeigher                                 : loaded 2 times (x 80B)
Class org.jetbrains.kotlin.metadata.ProtoBuf$AnnotationOrBuilder                      : loaded 2 times (x 68B)
Class org.jetbrains.kotlin.protobuf.WireFormat$FieldType                              : loaded 2 times (x 81B)
Class org.jetbrains.kotlin.load.kotlin.FileBasedKotlinClass                           : loaded 2 times (x 86B)
Class jdk.internal.jimage.ImageBufferCache                                            : loaded 2 times (x 69B)
Class jdk.internal.jrtfs.JrtPath                                                      : loaded 2 times (x 116B)
Class com.amazon.ion.IonSystem                                                        : loaded 2 times (x 68B)
Class com.amazon.ion.impl.bin.IonManagedBinaryWriter$ImportedSymbolContext            : loaded 2 times (x 70B)
Class kotlin.text.MatchResult$DefaultImpls                                            : loaded 2 times (x 69B)
Class org.gradle.tooling.model.idea.IdeaCompilerOutput                                : loaded 2 times (x 68B)
Class org.gradle.tooling.model.ProjectIdentifier                                      : loaded 2 times (x 68B)
Class com.google.common.reflect.Types$ClassOwnership$1LocalClass                      : loaded 2 times (x 69B)
Class com.google.common.collect.Maps$EntryFunction                                    : loaded 2 times (x 89B)
Class org.gradle.internal.classloader.ClasspathUtil                                   : loaded 2 times (x 69B)
Class org.jetbrains.kotlin.metadata.ProtoBuf$TypeAlias                                : loaded 2 times (x 135B)
Class [Lorg.jetbrains.kotlin.metadata.ProtoBuf$TypeParameter$Variance;                : loaded 2 times (x 67B)
Class org.jetbrains.kotlin.metadata.ProtoBuf$Constructor                              : loaded 2 times (x 122B)
Class org.jetbrains.kotlin.metadata.jvm.deserialization.JvmMemberSignature            : loaded 2 times (x 72B)
Class org.jetbrains.kotlin.load.kotlin.header.KotlinClassHeader$Kind                  : loaded 2 times (x 77B)
Class org.jetbrains.kotlin.load.kotlin.KotlinJvmBinaryClass$AnnotationArgumentVisitor : loaded 2 times (x 68B)
Class org.jetbrains.plugins.gradle.tooling.serialization.internal.IdeaProjectSerializationService: loaded 2 times (x 75B)
Class com.intellij.gradle.toolingExtension.impl.model.sourceSetModel.GradleSourceSetSerialisationService: loaded 2 times (x 75B)
Class com.android.builder.model.v2.ide.ComponentInfo                                  : loaded 2 times (x 68B)
Class com.android.builder.model.v2.ide.ProjectType                                    : loaded 2 times (x 77B)
Class org.jetbrains.kotlin.tooling.core.HasExtras                                     : loaded 2 times (x 68B)
Class com.google.common.base.Charsets                                                 : loaded 2 times (x 69B)
Class com.google.common.util.concurrent.Uninterruptibles                              : loaded 2 times (x 69B)
Class org.jetbrains.kotlin.idea.projectModel.KotlinTaskProperties                     : loaded 2 times (x 68B)
Class org.jetbrains.kotlin.resolve.scopes.receivers.ReceiverValue                     : loaded 2 times (x 68B)
Class org.jetbrains.kotlin.metadata.jvm.JvmProtoBuf$JvmMethodSignature$Builder        : loaded 2 times (x 132B)
Class org.jetbrains.kotlin.metadata.ProtoBuf$VersionRequirementTableOrBuilder         : loaded 2 times (x 68B)
Class org.jetbrains.kotlin.metadata.jvm.JvmProtoBuf$JvmFieldSignatureOrBuilder        : loaded 2 times (x 68B)
Class org.jetbrains.org.objectweb.asm.ModuleVisitor                                   : loaded 2 times (x 78B)
Class com.amazon.ion.impl.lite.IonIntLite                                             : loaded 2 times (x 187B)
Class com.amazon.ion.util._Private_FastAppendable                                     : loaded 2 times (x 68B)
Class [Lcom.amazon.ion.impl.bin.IonRawBinaryWriter$PreallocationMode;                 : loaded 2 times (x 67B)
Class com.android.builder.model.v2.dsl.BaseConfig                                     : loaded 2 times (x 68B)
Class org.gradle.internal.time.TimeSource$1                                           : loaded 2 times (x 75B)
Class com.google.common.io.CharSource                                                 : loaded 2 times (x 83B)
Class com.google.common.collect.Maps                                                  : loaded 2 times (x 69B)
Class org.gradle.api.specs.Spec                                                       : loaded 2 times (x 68B)
Class org.jetbrains.kotlin.descriptors.DelegatedDescriptorVisibility                  : loaded 2 times (x 77B)
Class org.jetbrains.kotlin.serialization.deserialization.ProtoEnumFlagsUtilsKt$WhenMappings: loaded 2 times (x 69B)
Class org.jetbrains.kotlin.load.kotlin.header.KotlinClassHeader                       : loaded 2 times (x 70B)
Class org.jetbrains.org.objectweb.asm.ClassReader                                     : loaded 2 times (x 89B)
Class jdk.internal.jimage.ImageReader$SharedImageReader$LocationVisitor               : loaded 2 times (x 68B)
Class com.amazon.ion.impl.lite.IonSexpLite                                            : loaded 2 times (x 488B)
Class com.amazon.ion.impl.lite.IonListLite                                            : loaded 2 times (x 488B)
Class com.amazon.ion.IonFloat                                                         : loaded 2 times (x 68B)
Class org.jetbrains.org.objectweb.asm.tree.FrameNode                                  : loaded 2 times (x 77B)
Class com.google.common.collect.MapMaker                                              : loaded 2 times (x 70B)
Class com.google.common.reflect.Types$JavaVersion                                     : loaded 2 times (x 81B)
Class org.jetbrains.kotlin.metadata.deserialization.Flags                             : loaded 2 times (x 69B)
Class org.jetbrains.kotlin.metadata.ProtoBuf$TypeTable$1                              : loaded 2 times (x 142B)
Class org.jetbrains.org.objectweb.asm.Symbol                                          : loaded 2 times (x 71B)
Class ijKotlinCoroutineJvmDebugInit1_93x4rrjzhpd1k04afbhuinl9v                        : loaded 2 times (x 177B)
Class com.amazon.ion.impl.LocalSymbolTable$Factory                                    : loaded 2 times (x 75B)
Class com.amazon.ion.impl.bin.IonManagedBinaryWriter$ImportedSymbolResolverMode       : loaded 2 times (x 78B)
Class com.intellij.gradle.toolingExtension.impl.model.buildScriptClasspathModel.GradleBuildScriptClasspathSerializationService: loaded 2 times (x 75B)
Class com.google.common.collect.Sets$3$1                                              : loaded 2 times (x 80B)
Class com.google.common.cache.LocalCache$LoadingValueReference                        : loaded 2 times (x 94B)
Class org.jetbrains.kotlin.metadata.jvm.JvmProtoBuf$StringTableTypesOrBuilder         : loaded 2 times (x 68B)
Class org.jetbrains.kotlin.metadata.ProtoBuf$Function                                 : loaded 2 times (x 147B)
Class kotlin.SynchronizedLazyImpl                                                     : loaded 2 times (x 74B)
Class org.jetbrains.kotlin.metadata.ProtoBuf$Type$Argument$1                          : loaded 2 times (x 142B)
Class org.jetbrains.kotlin.metadata.deserialization.Flags$EnumLiteFlagField           : loaded 2 times (x 74B)
Class jdk.internal.jimage.decompressor.ResourceDecompressorRepository                 : loaded 2 times (x 69B)
Class com.amazon.ion.impl.LocalSymbolTableAsStruct                                    : loaded 2 times (x 124B)
Class com.amazon.ion.impl.lite.IonTimestampLite                                       : loaded 2 times (x 190B)
Class org.jetbrains.plugins.gradle.model.FileCollectionDependency                     : loaded 2 times (x 68B)
Class org.gradle.internal.impldep.gnu.trove.TObjectHashingStrategy                    : loaded 2 times (x 68B)
Class com.intellij.gradle.toolingExtension.impl.model.utilDummyModel.DummyModel       : loaded 2 times (x 68B)
Class org.gradle.internal.time.Clock                                                  : loaded 2 times (x 68B)
Class com.google.common.collect.MapMakerInternalMap$StrongKeyDummyValueEntry          : loaded 2 times (x 80B)
Class com.google.common.io.LineReader$1                                               : loaded 2 times (x 73B)
Class com.google.common.collect.AbstractMapBasedMultimap$AsMap                        : loaded 2 times (x 126B)
Class com.google.common.reflect.Invokable$MethodInvokable                             : loaded 2 times (x 105B)
Class com.google.common.collect.CollectSpliterators                                   : loaded 2 times (x 69B)
Class com.google.common.base.Platform                                                 : loaded 2 times (x 69B)
Class org.jetbrains.kotlin.metadata.ProtoBuf$Effect$InvocationKind                    : loaded 2 times (x 80B)
Class org.jetbrains.kotlin.metadata.ProtoBuf$VersionRequirementTable                  : loaded 2 times (x 105B)
Class org.jetbrains.kotlin.protobuf.LazyField                                         : loaded 2 times (x 81B)
Class org.jetbrains.kotlin.load.kotlin.header.ReadKotlinClassHeaderAnnotationVisitor  : loaded 2 times (x 78B)
Class org.gradle.internal.classloader.ClassLoaderVisitor                              : loaded 2 times (x 74B)
Class org.jetbrains.kotlin.config.LanguageVersionSettings                             : loaded 2 times (x 68B)
Class com.google.common.io.ByteSource$ConcatenatedByteSource                          : loaded 2 times (x 83B)
Class jdk.internal.jimage.ImageReader$Directory                                       : loaded 2 times (x 82B)
Class com.amazon.ion.IonString                                                        : loaded 2 times (x 68B)
Class org.jetbrains.plugins.gradle.model.GradleSourceSetDependencyModel               : loaded 2 times (x 68B)
Class [Lcom.android.builder.model.v2.ide.TestInfo$Execution;                          : loaded 2 times (x 67B)
Class kotlin.io.FilePathComponents                                                    : loaded 2 times (x 70B)
Class com.android.builder.model.v2.dsl.ProductFlavor                                  : loaded 2 times (x 68B)
Class com.google.common.collect.CompoundOrdering                                      : loaded 2 times (x 113B)
Class kotlin.coroutines.jvm.internal.RestrictedSuspendLambda                          : loaded 2 times (x 89B)
Class org.gradle.tooling.internal.adapter.TypeInspector                               : loaded 2 times (x 71B)
Class org.gradle.tooling.internal.adapter.ProtocolToModelAdapter$NoOpDecoration       : loaded 2 times (x 77B)
Class org.gradle.tooling.model.Element                                                : loaded 2 times (x 68B)
Class com.google.common.collect.AbstractMapBasedMultimap$WrappedList                  : loaded 2 times (x 203B)
Class [Lorg.objectweb.asm.AnnotationWriter;                                           : loaded 2 times (x 67B)
Class com.google.common.collect.Maps$8                                                : loaded 2 times (x 80B)
Class org.jetbrains.kotlin.metadata.ProtoBuf$Expression$ConstantValue$1               : loaded 2 times (x 72B)
Class org.jetbrains.kotlin.descriptors.DescriptorVisibilities$10                      : loaded 2 times (x 74B)
Class kotlin.collections.ArrayAsCollection                                            : loaded 2 times (x 103B)
Class org.jetbrains.kotlin.metadata.ProtoBuf$TypeParameter$1                          : loaded 2 times (x 142B)
Class org.jetbrains.org.objectweb.asm.tree.LineNumberNode                             : loaded 2 times (x 77B)
Class org.jetbrains.kotlin.utils.StringsKt                                            : loaded 2 times (x 69B)
Class kotlin.LazyKt__LazyKt                                                           : loaded 2 times (x 69B)
Class [Lcom.google.common.collect.AbstractIterator$State;                             : loaded 2 times (x 67B)
Class com.amazon.ion.BufferConfiguration                                              : loaded 2 times (x 71B)
Class com.amazon.ion.system.SimpleCatalog                                             : loaded 2 times (x 89B)
Class com.intellij.gradle.toolingExtension.impl.model.taskModel.GradleTaskSerialisationService: loaded 2 times (x 74B)
Class com.android.ide.gradle.model.LegacyV1AgpVersionModel                            : loaded 2 times (x 68B)
Class com.google.common.collect.Lists$ReverseList$1                                   : loaded 2 times (x 97B)
Class com.google.common.base.CharMatcher$None                                         : loaded 2 times (x 110B)
Class kotlin.text.Regex                                                               : loaded 2 times (x 70B)
Class kotlin.sequences.SequencesKt__SequenceBuilderKt$sequence$$inlined$Sequence$1    : loaded 2 times (x 73B)
Class kotlin.Triple                                                                   : loaded 2 times (x 70B)
Class org.jetbrains.kotlin.tooling.core.Extras                                        : loaded 2 times (x 68B)
Class [Lcom.google.common.collect.Iterators$EmptyModifiableIterator;                  : loaded 2 times (x 67B)
Class com.google.common.base.Predicates$CompositionPredicate                          : loaded 2 times (x 86B)
Class com.google.common.collect.Sets$SetView                                          : loaded 2 times (x 136B)
Class com.google.common.cache.LocalCache$StrongValueReference                         : loaded 2 times (x 88B)
Class com.google.common.util.concurrent.AbstractFuture$SynchronizedHelper             : loaded 2 times (x 76B)
Class org.jetbrains.kotlin.descriptors.DescriptorVisibilities$11                      : loaded 2 times (x 74B)
Class org.jetbrains.kotlin.metadata.deserialization.BinaryVersion$Companion           : loaded 2 times (x 69B)
Class kotlin.UNINITIALIZED_VALUE                                                      : loaded 2 times (x 69B)
Class org.jetbrains.plugins.gradle.tooling.util.IntObjectMap$1                        : loaded 2 times (x 75B)
Class org.gradle.internal.impldep.com.google.common.base.Preconditions                : loaded 2 times (x 69B)
Class org.gradle.tooling.model.internal.ImmutableDomainObjectSet                      : loaded 2 times (x 153B)
Class com.google.common.graph.SuccessorsFunction                                      : loaded 2 times (x 68B)
Class [Lorg.jetbrains.kotlin.config.JVMAssertionsMode;                                : loaded 2 times (x 67B)
Class org.jetbrains.kotlin.config.JVMAssertionsMode                                   : loaded 2 times (x 77B)
Class [Lcom.google.gson.stream.JsonToken;                                             : loaded 2 times (x 67B)
Class org.objectweb.asm.Type                                                          : loaded 2 times (x 70B)
Class org.gradle.internal.classloader.VisitableURLClassLoader$InstrumentingVisitableURLClassLoader: loaded 2 times (x 121B)
Class org.jetbrains.kotlin.descriptors.DescriptorVisibilities$12                      : loaded 2 times (x 74B)
Class org.jetbrains.kotlin.metadata.ProtoBuf$ClassOrBuilder                           : loaded 2 times (x 68B)
Class org.jetbrains.kotlin.metadata.ProtoBuf$ValueParameter                           : loaded 2 times (x 126B)
Class kotlin.text.MatcherMatchResult$groupValues$1                                    : loaded 2 times (x 196B)
Class com.google.common.collect.ReverseNaturalOrdering                                : loaded 2 times (x 112B)
Class com.amazon.ion.impl.bin.IonManagedBinaryWriter$ImportedSymbolResolverMode$2     : loaded 2 times (x 78B)
Class org.jetbrains.org.objectweb.asm.ClassVisitor                                    : loaded 2 times (x 85B)
Class [Lcom.amazon.ion.impl.bin.IonRawBinaryWriter$StreamFlushMode;                   : loaded 2 times (x 67B)
Class com.amazon.ion.UnsupportedIonVersionException                                   : loaded 2 times (x 83B)
Class [Lcom.android.builder.model.v2.ide.AndroidGradlePluginProjectFlags$BooleanFlag; : loaded 2 times (x 67B)
Class com.android.builder.model.v2.ide.AndroidGradlePluginProjectFlags                : loaded 2 times (x 68B)
Class com.android.builder.model.v2.ide.BasicVariant                                   : loaded 2 times (x 68B)
Class kotlin.coroutines.Continuation                                                  : loaded 2 times (x 68B)
Class com.google.common.collect.MapMakerInternalMap$StrongKeyDummyValueEntry$Helper   : loaded 2 times (x 77B)
Class com.google.common.io.Files$FileByteSink                                         : loaded 2 times (x 75B)
Class org.objectweb.asm.ByteVector                                                    : loaded 2 times (x 77B)
Class [Lcom.google.common.cache.CacheBuilder$NullListener;                            : loaded 2 times (x 67B)
Class com.google.common.math.IntMath$1                                                : loaded 2 times (x 69B)
Class org.gradle.internal.classloader.VisitableURLClassLoader$Spec                    : loaded 2 times (x 72B)
Class org.gradle.internal.classpath.DefaultClassPath                                  : loaded 2 times (x 88B)
Class org.jetbrains.kotlin.metadata.ProtoBuf$TypeAlias$1                              : loaded 2 times (x 142B)
Class org.jetbrains.org.objectweb.asm.Handler                                         : loaded 2 times (x 70B)
Class org.jetbrains.kotlin.metadata.ProtoBuf$Annotation$Argument$ValueOrBuilder       : loaded 2 times (x 68B)
Class org.jetbrains.kotlin.metadata.jvm.deserialization.JvmNameResolver               : loaded 2 times (x 78B)
Class org.gradle.internal.classloader.DefaultClassLoaderFactory                       : loaded 2 times (x 80B)
Class com.google.common.base.Suppliers                                                : loaded 2 times (x 69B)
Class [Lorg.jetbrains.kotlin.build.report.metrics.GradleBuildTime;                    : loaded 2 times (x 67B)
Class jdk.internal.jimage.decompressor.ZipDecompressorFactory                         : loaded 2 times (x 72B)
Class com.amazon.ion.impl.bin.IonManagedBinaryWriter$SymbolState                      : loaded 2 times (x 78B)
Class com.amazon.ion.IonStruct                                                        : loaded 2 times (x 68B)
Class org.jetbrains.plugins.gradle.model.GradleBuildScriptClasspathModel              : loaded 2 times (x 68B)
Class kotlin.text.CharsKt__CharJVMKt                                                  : loaded 2 times (x 69B)
Class com.android.builder.model.v2.ide.BundleInfo                                     : loaded 2 times (x 68B)
Class com.android.builder.model.v2.ide.SourceProvider                                 : loaded 2 times (x 68B)
Class kotlin.coroutines.jvm.internal.BaseContinuationImpl                             : loaded 2 times (x 85B)
Class kotlin.Result$Companion                                                         : loaded 2 times (x 69B)
Class org.gradle.util.internal.DefaultGradleVersion                                   : loaded 2 times (x 78B)
Class com.google.common.base.AbstractIterator                                         : loaded 2 times (x 78B)
Class com.google.common.reflect.Types$ClassOwnership                                  : loaded 2 times (x 78B)
Class org.objectweb.asm.Symbol                                                        : loaded 2 times (x 71B)
Class org.jetbrains.kotlin.metadata.ProtoBuf$Effect$1                                 : loaded 2 times (x 142B)
Class org.jetbrains.kotlin.metadata.ProtoBuf$Visibility                               : loaded 2 times (x 80B)
Class org.jetbrains.kotlin.metadata.ProtoBuf$ConstructorOrBuilder                     : loaded 2 times (x 68B)
Class org.jetbrains.kotlin.metadata.jvm.JvmProtoBuf                                   : loaded 2 times (x 69B)
Class [Lcom.google.common.cache.CacheBuilder$OneWeigher;                              : loaded 2 times (x 67B)
Class org.objectweb.asm.MethodTooLargeException                                       : loaded 2 times (x 81B)
Class com.google.common.base.Platform$JdkPatternCompiler                              : loaded 2 times (x 73B)
Class com.google.common.io.Java8Compatibility                                         : loaded 2 times (x 69B)
Class com.google.common.collect.Sets$FilteredSet                                      : loaded 2 times (x 135B)
Class com.google.common.io.Closer                                                     : loaded 2 times (x 76B)
Class com.google.common.base.CharMatcher$Ascii                                        : loaded 2 times (x 110B)
Class org.gradle.internal.classloader.ClassLoaderSpec                                 : loaded 2 times (x 69B)
Class org.jetbrains.kotlin.descriptors.DeclarationDescriptorWithVisibility            : loaded 2 times (x 68B)
Class org.jetbrains.org.objectweb.asm.tree.AbstractInsnNode                           : loaded 2 times (x 76B)
Class org.jetbrains.kotlin.protobuf.SmallSortedMap                                    : loaded 2 times (x 128B)
Class com.google.common.collect.MapMakerInternalMap$Strength                          : loaded 2 times (x 78B)
Class com.amazon.ion.impl.IonWriterSystemTextMarkup                                   : loaded 2 times (x 190B)
Class com.amazon.ion.impl.bin.BlockAllocator                                          : loaded 2 times (x 78B)
Class kotlin.jvm.internal.FunctionReferenceImpl                                       : loaded 2 times (x 120B)
Class com.google.common.io.ByteSource$EmptyByteSource                                 : loaded 2 times (x 83B)
Class org.objectweb.asm.AnnotationWriter                                              : loaded 2 times (x 77B)
Class com.google.common.cache.CacheStats                                              : loaded 2 times (x 69B)
Class com.google.common.collect.MapMakerInternalMap$StrongKeyDummyValueEntry$LinkedStrongKeyDummyValueEntry: loaded 2 times (x 80B)
Class com.intellij.util.containers.IntObjectHashMap$ArrayProducer                     : loaded 2 times (x 68B)
Class org.jetbrains.kotlin.protobuf.SmallSortedMap$EmptySet                           : loaded 2 times (x 69B)
Class org.jetbrains.kotlin.protobuf.MessageLite                                       : loaded 2 times (x 68B)
Class org.jetbrains.kotlin.load.kotlin.header.KotlinClassHeader$Kind$Companion        : loaded 2 times (x 69B)
Class com.amazon.ion.impl.bin.IonManagedBinaryWriter$ImportedSymbolResolverMode$1     : loaded 2 times (x 78B)
Class com.amazon.ion.impl._Private_RecyclingQueue                                     : loaded 2 times (x 78B)
Class com.amazon.ion.system.IonWriterBuilderBase                                      : loaded 2 times (x 81B)
Class com.amazon.ion.impl.lite.IonSymbolLite                                          : loaded 2 times (x 244B)
Class [Lcom.android.builder.model.v2.ide.ProjectType;                                 : loaded 2 times (x 67B)
Class kotlin.jvm.internal.markers.KMutableIterable                                    : loaded 2 times (x 68B)
Class org.gradle.tooling.internal.adapter.ProtocolToModelAdapter$DefaultViewBuilder   : loaded 2 times (x 78B)
Class com.google.common.collect.Interners                                             : loaded 2 times (x 69B)
Class com.google.common.collect.ImmutableMultisetGwtSerializationDependencies         : loaded 2 times (x 123B)
Class com.google.common.io.LineProcessor                                              : loaded 2 times (x 68B)
Class com.google.common.io.Closer$Suppressor                                          : loaded 2 times (x 68B)
Class org.objectweb.asm.RecordComponentWriter                                         : loaded 2 times (x 76B)
Class com.google.common.util.concurrent.AbstractFuture$Listener                       : loaded 2 times (x 70B)
Class Settings_gradle$1$1                                                             : loaded 2 times (x 72B)
Class org.jetbrains.kotlin.cli.common.ModuleVisibilityHelperImpl                      : loaded 2 times (x 72B)
Class [Lcom.amazon.ion.impl.bin.IonRawBinaryWriter$StreamCloseMode;                   : loaded 2 times (x 67B)
Class com.android.ide.common.gradle.Version$Companion$ParseState                      : loaded 2 times (x 68B)
Class [Lcom.android.builder.model.v2.ide.AaptOptions$Namespacing;                     : loaded 2 times (x 67B)
Class org.gradle.tooling.internal.adapter.ProtocolToModelAdapter$ViewGraphDetails$1   : loaded 2 times (x 75B)
Class org.objectweb.asm.Attribute                                                     : loaded 2 times (x 75B)
Class com.google.common.base.Supplier                                                 : loaded 2 times (x 68B)
Class org.gradle.internal.classloader.VisitableURLClassLoader                         : loaded 2 times (x 115B)
Class org.jetbrains.kotlin.idea.gradleTooling.AndroidAwareGradleModelProvider$Companion: loaded 2 times (x 69B)
Class org.jetbrains.kotlin.metadata.ProtoBuf$Effect$EffectType                        : loaded 2 times (x 80B)
Class com.amazon.ion.impl.bin.IonRawBinaryWriter$1                                    : loaded 2 times (x 75B)
Class [Lcom.amazon.ion.SymbolTable;                                                   : loaded 2 times (x 67B)
Class com.amazon.ion.impl.bin.IonBinaryWriterAdapter$Factory                          : loaded 2 times (x 68B)
Class com.amazon.ion.impl.BlockedBuffer$BufferedOutputStream                          : loaded 2 times (x 88B)
Class org.jetbrains.plugins.gradle.tooling.serialization.ExternalTestsSerializationService$ReadContext: loaded 2 times (x 70B)
Class sync_studio_tooling_72bzkt68aprlmr84fxbnrv1zx                                   : loaded 2 times (x 177B)
Class org.objectweb.asm.ClassVisitor                                                  : loaded 2 times (x 86B)
Class com.android.ide.common.repository.AgpVersion$Companion                          : loaded 2 times (x 69B)
Class kotlin.sequences.FlatteningSequence$iterator$1                                  : loaded 2 times (x 77B)
Class [Lorg.objectweb.asm.Symbol;                                                     : loaded 2 times (x 67B)
Class org.jetbrains.kotlin.config.ExplicitApiMode$Companion                           : loaded 2 times (x 69B)
Class org.gradle.tooling.model.idea.IdeaDependency                                    : loaded 2 times (x 68B)
Class com.google.common.util.concurrent.AbstractFuture$Waiter                         : loaded 2 times (x 70B)
Class Settings_gradle                                                                 : loaded 2 times (x 126B)
Class [Lorg.jetbrains.kotlin.metadata.ProtoBuf$VersionRequirement$VersionKind;        : loaded 2 times (x 67B)
Class org.jetbrains.kotlin.protobuf.CodedOutputStream                                 : loaded 2 times (x 70B)
Class org.jetbrains.org.objectweb.asm.tree.TypeInsnNode                               : loaded 2 times (x 76B)
Class org.jetbrains.kotlin.metadata.ProtoBuf$Annotation                               : loaded 2 times (x 107B)
Class com.google.common.reflect.TypeCapture                                           : loaded 2 times (x 69B)
Class jdk.internal.jimage.decompressor.ZipDecompressor                                : loaded 2 times (x 73B)
Class com.amazon.ion.impl.bin.AbstractIonWriter$WriteValueOptimization                : loaded 2 times (x 77B)
Class com.google.common.collect.TransformedListIterator                               : loaded 2 times (x 91B)
Class com.android.ide.common.gradle.Version$Companion                                 : loaded 2 times (x 69B)
Class [Lcom.android.builder.model.v2.ide.BytecodeTransformation;                      : loaded 2 times (x 67B)
Class com.android.builder.model.v2.ide.AaptOptions                                    : loaded 2 times (x 68B)
Class kotlin.collections.AbstractMutableList                                          : loaded 2 times (x 204B)
Class com.google.common.collect.MapMakerInternalMap                                   : loaded 2 times (x 159B)
Class com.google.common.base.Strings                                                  : loaded 2 times (x 69B)
Class com.google.common.collect.Sets                                                  : loaded 2 times (x 69B)
Class org.objectweb.asm.Handler                                                       : loaded 2 times (x 70B)
Class com.google.common.base.Ticker                                                   : loaded 2 times (x 70B)
Class [Lorg.jetbrains.kotlin.metadata.jvm.JvmProtoBuf$StringTableTypes$Record$Operation;: loaded 2 times (x 67B)
Class [Lorg.jetbrains.kotlin.load.kotlin.header.KotlinClassHeader$Kind;               : loaded 2 times (x 67B)
Class com.google.common.cache.LocalCache$Values                                       : loaded 2 times (x 116B)
Class com.amazon.ion.impl.bin.BlockAllocatorProvider                                  : loaded 2 times (x 70B)
Class org.jetbrains.plugins.gradle.tooling.serialization.internal.IdeaProjectSerializationService$WriteContext: loaded 2 times (x 70B)
Class com.intellij.gradle.toolingExtension.impl.model.sourceSetDependencyModel.GradleSourceSetDependencySerialisationService: loaded 2 times (x 75B)
Class org.jetbrains.plugins.gradle.model.GradleSourceSetModel                         : loaded 2 times (x 68B)
Class com.android.builder.model.v2.models.ndk.NativeModelBuilderParameter             : loaded 2 times (x 68B)
Class kotlin.KotlinNothingValueException                                              : loaded 2 times (x 80B)
Class org.gradle.internal.operations.MultipleBuildOperationFailures                   : loaded 2 times (x 93B)
Class org.gradle.tooling.internal.adapter.MethodInvocation                            : loaded 2 times (x 83B)
Class [Lcom.google.common.cache.LocalCache$Segment;                                   : loaded 2 times (x 67B)
Class [Lcom.google.common.cache.LocalCache$Strength;                                  : loaded 2 times (x 67B)
Class com.google.common.cache.CacheBuilder$1                                          : loaded 2 times (x 83B)
Class org.gradle.internal.classpath.DefaultClassPath$ImmutableUniqueList$Builder      : loaded 2 times (x 73B)
Class org.jetbrains.kotlin.serialization.deserialization.ProtoEnumFlags               : loaded 2 times (x 69B)
Class org.jetbrains.kotlin.protobuf.Internal$EnumLite                                 : loaded 2 times (x 68B)
Class kotlin.jvm.functions.Function3                                                  : loaded 2 times (x 68B)
Class kotlin.sequences.TransformingSequence                                           : loaded 2 times (x 73B)
Class com.amazon.ion.impl.lite.IonSequenceLite                                        : loaded 2 times (x 430B)
Class com.amazon.ion.impl._Private_Utils$1                                            : loaded 2 times (x 87B)
Class com.amazon.ion.impl.SymbolTableAsStruct                                         : loaded 2 times (x 68B)
Class com.android.ide.gradle.model.dependencies.Coordinates                           : loaded 2 times (x 68B)
Class com.android.utils.FileUtils                                                     : loaded 2 times (x 69B)
Class com.android.builder.model.v2.ide.AaptOptions$Namespacing                        : loaded 2 times (x 77B)
Class org.gradle.tooling.internal.adapter.WeakIdentityHashMap$AbsentValueProvider     : loaded 2 times (x 68B)
Class com.google.common.collect.MapMakerInternalMap$WeakValueReference                : loaded 2 times (x 68B)
Class com.google.gson.stream.JsonToken                                                : loaded 2 times (x 77B)
Class com.google.common.cache.LocalCache                                              : loaded 2 times (x 185B)
Class com.google.common.cache.CacheBuilder$2                                          : loaded 2 times (x 77B)
Class org.jetbrains.kotlin.protobuf.RopeByteString                                    : loaded 2 times (x 108B)
Class com.intellij.util.ThrowableConsumer                                             : loaded 2 times (x 68B)
Class org.jetbrains.kotlin.metadata.jvm.deserialization.JvmNameResolverBase           : loaded 2 times (x 78B)
Class org.jetbrains.org.objectweb.asm.tree.IincInsnNode                               : loaded 2 times (x 76B)
Class org.jetbrains.org.objectweb.asm.tree.MultiANewArrayInsnNode                     : loaded 2 times (x 77B)
Class jdk.internal.jimage.decompressor.StringSharingDecompressorFactory               : loaded 2 times (x 72B)
Class com.amazon.ion.impl.bin.AbstractIonWriter                                       : loaded 2 times (x 159B)
Class org.jetbrains.plugins.gradle.tooling.util.ObjectCollector$Processor             : loaded 2 times (x 68B)
Class org.jetbrains.kotlin.protobuf.ByteString$Output                                 : loaded 2 times (x 84B)
Class kotlin.jvm.functions.Function4                                                  : loaded 2 times (x 68B)
Class org.jetbrains.org.objectweb.asm.tree.FieldInsnNode                              : loaded 2 times (x 77B)
Class kotlin.annotation.Target                                                        : loaded 2 times (x 68B)
Class com.google.gson.stream.MalformedJsonException                                   : loaded 2 times (x 80B)
Class org.gradle.internal.exceptions.NonGradleCauseExceptionsHolder                   : loaded 2 times (x 68B)
Class org.gradle.tooling.model.idea.IdeaModuleDependency                              : loaded 2 times (x 68B)
Class org.gradle.tooling.internal.adapter.ViewBuilder                                 : loaded 2 times (x 68B)
Class org.jetbrains.kotlin.config.LanguageVersion                                     : loaded 2 times (x 89B)
Class org.jetbrains.kotlin.cli.common.arguments.K2JVMCompilerArguments                : loaded 2 times (x 79B)
Class com.google.common.collect.ArrayListMultimap                                     : loaded 2 times (x 170B)
Class com.google.common.cache.CacheBuilder$3                                          : loaded 2 times (x 70B)
Class com.google.common.io.ByteArrayDataOutput                                        : loaded 2 times (x 68B)
Class org.jetbrains.org.objectweb.asm.tree.LocalVariableAnnotationNode                : loaded 2 times (x 79B)
Class org.jetbrains.org.objectweb.asm.SymbolTable$Entry                               : loaded 2 times (x 72B)
Class org.jetbrains.kotlin.metadata.deserialization.BinaryVersion                     : loaded 2 times (x 72B)
Class org.gradle.tooling.internal.adapter.TargetTypeProvider                          : loaded 2 times (x 68B)
Class jdk.internal.jimage.ImageStrings                                                : loaded 2 times (x 68B)
Class com.amazon.ion.system.IonReaderBuilder                                          : loaded 2 times (x 91B)
Class org.jetbrains.plugins.gradle.model.AnnotationProcessingConfig                   : loaded 2 times (x 68B)
Class com.amazon.ion.IonReader                                                        : loaded 2 times (x 68B)
Class gnu.trove.Equality                                                              : loaded 2 times (x 68B)
Class com.android.ide.common.gradle.Version                                           : loaded 2 times (x 73B)
Class com.android.builder.model.v2.ide.AndroidLibraryData                             : loaded 2 times (x 68B)
Class com.android.builder.model.v2.ide.ApiVersion                                     : loaded 2 times (x 68B)
Class kotlin.annotation.Retention                                                     : loaded 2 times (x 68B)
Class com.google.common.base.Suppliers$MemoizingSupplier                              : loaded 2 times (x 77B)
Class com.google.common.collect.CollectPreconditions                                  : loaded 2 times (x 69B)
Class org.jetbrains.kotlin.metadata.ProtoBuf$EnumEntry$1                              : loaded 2 times (x 142B)
Class org.jetbrains.kotlin.metadata.ProtoBuf$Type$Argument$Projection                 : loaded 2 times (x 80B)
Class org.jetbrains.org.objectweb.asm.tree.InvokeDynamicInsnNode                      : loaded 2 times (x 76B)
Class com.android.builder.model.v2.ide.AndroidArtifact                                : loaded 2 times (x 68B)
Class kotlin.ranges.IntProgression$Companion                                          : loaded 2 times (x 69B)
Class org.jetbrains.plugins.gradle.model.AnnotationProcessingModel                    : loaded 2 times (x 68B)
Class com.amazon.ion.IonClob                                                          : loaded 2 times (x 68B)
Class org.jetbrains.plugins.gradle.tooling.ModelBuilderService$Parameter              : loaded 2 times (x 68B)
Class com.android.builder.model.v2.models.Versions$Version                            : loaded 2 times (x 68B)
Class [Lcom.google.common.collect.MapMakerInternalMap$Strength;                       : loaded 2 times (x 67B)
Class [Lcom.google.common.io.FileWriteMode;                                           : loaded 2 times (x 67B)
Class com.google.common.collect.Maps$AbstractFilteredMap                              : loaded 2 times (x 125B)
Class com.google.common.collect.SortedMapDifference                                   : loaded 2 times (x 68B)
Class org.jetbrains.kotlin.metadata.jvm.JvmProtoBuf$JvmPropertySignature$Builder      : loaded 2 times (x 139B)
Class [Lorg.jetbrains.org.objectweb.asm.Symbol;                                       : loaded 2 times (x 67B)
Class org.jetbrains.plugins.gradle.model.GradleExtensions                             : loaded 2 times (x 68B)
Class com.amazon.ion.impl.lite.IonLobLite                                             : loaded 2 times (x 182B)
Class com.amazon.ion.impl.lite.IonTextLite                                            : loaded 2 times (x 179B)
Class com.amazon.ion.IonNumber                                                        : loaded 2 times (x 68B)
Class org.gradle.internal.impldep.gnu.trove.TObjectIntProcedure                       : loaded 2 times (x 68B)
Class gnu.trove.TObjectHashingStrategy                                                : loaded 2 times (x 68B)
Class org.gradle.tooling.internal.adapter.ProtocolToModelAdapter$ReflectionMethodInvoker: loaded 2 times (x 74B)
Class com.google.common.collect.MapMakerInternalMap$StrongKeyDummyValueSegment        : loaded 2 times (x 140B)
Class com.google.common.collect.Iterables$4                                           : loaded 2 times (x 79B)
Class com.google.common.cache.LocalCache$WriteThroughEntry                            : loaded 2 times (x 77B)
Class com.google.common.cache.LocalCache$HashIterator                                 : loaded 2 times (x 84B)
Class com.google.common.io.Files                                                      : loaded 2 times (x 69B)
Class org.jetbrains.kotlin.cli.common.arguments.CommonCompilerArguments               : loaded 2 times (x 78B)
Class com.google.common.cache.LocalCache$EntryFactory                                 : loaded 2 times (x 81B)
Class org.jetbrains.kotlin.metadata.ProtoBuf$VersionRequirementTable$1                : loaded 2 times (x 142B)
Class org.jetbrains.kotlin.metadata.ProtoBuf$Contract                                 : loaded 2 times (x 105B)
Class com.amazon.ion.system.IonBinaryWriterBuilder                                    : loaded 2 times (x 97B)
Class com.amazon.ion.impl.bin.IonManagedBinaryWriter$UserState$4                      : loaded 2 times (x 83B)
Class org.jetbrains.plugins.gradle.model.UnresolvedExternalDependency                 : loaded 2 times (x 68B)
Class [Lcom.amazon.ion.impl.bin.IonManagedBinaryWriter$UserState;                     : loaded 2 times (x 67B)
Class com.amazon.ion.impl.bin.utf8.Utf8StringEncoder                                  : loaded 2 times (x 78B)
Class com.amazon.ion.IonBool                                                          : loaded 2 times (x 68B)
Class [Lcom.android.ide.common.gradle.Separator;                                      : loaded 2 times (x 67B)
Class com.google.common.collect.NullsLastOrdering                                     : loaded 2 times (x 113B)
Class org.jetbrains.kotlin.protobuf.GeneratedMessageLite$ExtendableMessageOrBuilder   : loaded 2 times (x 68B)
Class org.jetbrains.kotlin.tooling.core.HasMutableExtras                              : loaded 2 times (x 68B)
Class [Lcom.google.common.collect.MapMaker$Dummy;                                     : loaded 2 times (x 67B)
Class com.google.common.base.CharMatcher$Whitespace                                   : loaded 2 times (x 110B)
Class com.google.common.base.Splitter$1$1                                             : loaded 2 times (x 84B)
Class com.google.common.reflect.Types$NativeTypeVariableEquals                        : loaded 2 times (x 69B)
Class com.google.common.reflect.TypeParameter                                         : loaded 2 times (x 70B)
Class com.google.common.collect.Iterables$5                                           : loaded 2 times (x 79B)
Class com.google.common.cache.LocalCache$AbstractReferenceEntry                       : loaded 2 times (x 105B)
Class org.jetbrains.kotlin.metadata.jvm.deserialization.JvmNameResolverBase$WhenMappings: loaded 2 times (x 69B)
Class org.jetbrains.kotlin.descriptors.Visibilities$Local                             : loaded 2 times (x 77B)
Class org.jetbrains.kotlin.protobuf.WireFormat                                        : loaded 2 times (x 69B)
Class org.jetbrains.kotlin.metadata.jvm.deserialization.BitEncoding                   : loaded 2 times (x 69B)
Class org.jetbrains.org.objectweb.asm.Attribute                                       : loaded 2 times (x 73B)
Class org.jetbrains.org.objectweb.asm.Label                                           : loaded 2 times (x 70B)
Class com.amazon.ion.IonLoader                                                        : loaded 2 times (x 68B)
Class org.jetbrains.plugins.gradle.model.GradleProperty                               : loaded 2 times (x 68B)
Class org.jetbrains.kotlin.metadata.ProtoBuf$FunctionOrBuilder                        : loaded 2 times (x 68B)
Class org.jetbrains.kotlin.protobuf.GeneratedMessageLite$1                            : loaded 2 times (x 69B)
Class com.android.builder.model.v2.models.VariantDependencies                         : loaded 2 times (x 68B)
Class com.google.common.collect.ImmutableMapKeySet                                    : loaded 2 times (x 150B)
Class org.objectweb.asm.SymbolTable                                                   : loaded 2 times (x 70B)
Class com.google.common.cache.CacheLoader$InvalidCacheLoadException                   : loaded 2 times (x 80B)
Class org.gradle.internal.classloader.SystemClassLoaderSpec                           : loaded 2 times (x 69B)
Class [Lorg.jetbrains.kotlin.metadata.ProtoBuf$Effect$EffectType;                     : loaded 2 times (x 67B)
Class org.jetbrains.kotlin.metadata.ProtoBuf$Effect$InvocationKind$1                  : loaded 2 times (x 72B)
Class org.jetbrains.org.objectweb.asm.Frame                                           : loaded 2 times (x 71B)
Class org.gradle.api.internal.classpath.ManifestUtil                                  : loaded 2 times (x 69B)
Class com.amazon.ion.impl._Private_Utils                                              : loaded 2 times (x 69B)
Class kotlin.ranges.IntRange$Companion                                                : loaded 2 times (x 69B)
Class com.android.builder.model.v2.ide.TestedTargetVariant                            : loaded 2 times (x 68B)
Class kotlin.text.MatcherMatchResult$groups$1                                         : loaded 2 times (x 149B)
Class kotlin.collections.EmptyMap                                                     : loaded 2 times (x 107B)
Class kotlin.jvm.internal.markers.KMutableCollection                                  : loaded 2 times (x 68B)
Class kotlin.coroutines.intrinsics.IntrinsicsKt                                       : loaded 2 times (x 69B)
Class org.gradle.internal.exceptions.MultiCauseException                              : loaded 2 times (x 68B)
Class org.gradle.internal.time.CountdownTimer                                         : loaded 2 times (x 68B)
Class com.google.common.collect.FluentIterable                                        : loaded 2 times (x 79B)
Class com.google.common.cache.LocalCache$StrongEntry                                  : loaded 2 times (x 106B)
Class com.google.common.util.concurrent.AbstractFuture$TrustedFuture                  : loaded 2 times (x 112B)
Class com.google.common.cache.LoadingCache                                            : loaded 2 times (x 68B)
Class org.jetbrains.kotlin.metadata.ProtoBuf$Type$Argument                            : loaded 2 times (x 108B)
Class org.jetbrains.kotlin.load.kotlin.FileBasedKotlinClass$InnerClassesInfo          : loaded 2 times (x 72B)
Class com.google.common.util.concurrent.ExecutionError                                : loaded 2 times (x 80B)
Class com.google.common.collect.ImmutableEnumSet                                      : loaded 2 times (x 144B)
Class jdk.internal.jrtfs.JrtFileSystem                                                : loaded 2 times (x 100B)
Class com.intellij.gradle.toolingExtension.impl.model.projectModel.GradleExternalProjectSerializationService$ReadContext: loaded 2 times (x 71B)
Class com.intellij.gradle.toolingExtension.impl.model.dependencyModel.DependencyWriteContext: loaded 2 times (x 70B)
Class com.google.common.collect.AbstractMapBasedMultimap$WrappedCollection            : loaded 2 times (x 122B)
Class kotlin.coroutines.intrinsics.CoroutineSingletons                                : loaded 2 times (x 77B)
Class org.gradle.tooling.model.ProjectModel                                           : loaded 2 times (x 68B)
Class com.google.common.io.ByteStreams$LimitedInputStream                             : loaded 2 times (x 90B)
Class com.google.common.base.Suppliers$NonSerializableMemoizingSupplier               : loaded 2 times (x 77B)
Class org.objectweb.asm.MethodWriter                                                  : loaded 2 times (x 104B)
Class [Lcom.google.common.cache.Weigher;                                              : loaded 2 times (x 67B)
Class org.jetbrains.kotlin.resolve.scopes.receivers.Receiver                          : loaded 2 times (x 68B)
Class org.jetbrains.kotlin.metadata.ProtoBuf$Modality$1                               : loaded 2 times (x 72B)
Class org.jetbrains.org.objectweb.asm.tree.TypeAnnotationNode                         : loaded 2 times (x 78B)
Class org.gradle.tooling.internal.adapter.ProtocolToModelAdapter$InvocationHandlerImpl: loaded 2 times (x 75B)
Class jdk.internal.jimage.decompressor.CompressedResourceHeader                       : loaded 2 times (x 69B)
Class org.jetbrains.plugins.gradle.model.GradleConfiguration                          : loaded 2 times (x 68B)
Class com.amazon.ion.impl.bin.utf8.Utf8StringEncoderPool                              : loaded 2 times (x 72B)
Class com.amazon.ion.impl._Private_IonSystem                                          : loaded 2 times (x 68B)
Class com.amazon.ion.BufferConfiguration$OversizedValueHandler                        : loaded 2 times (x 68B)
Class com.android.ide.common.gradle.Version$Companion$ParseState$EMPTY                : loaded 2 times (x 72B)
Class kotlin.ranges.OpenEndRange                                                      : loaded 2 times (x 68B)
Class kotlin.sequences.SequenceBuilderIterator                                        : loaded 2 times (x 83B)
Class com.google.common.collect.AbstractMapBasedMultimap$RandomAccessWrappedList      : loaded 2 times (x 203B)
Class com.google.common.collect.ImmutableMultimap$1                                   : loaded 2 times (x 80B)
Class org.jetbrains.kotlin.cli.common.CompilerSystemProperties$Companion              : loaded 2 times (x 69B)
Class org.jetbrains.kotlin.metadata.ProtoBuf$VersionRequirement                       : loaded 2 times (x 114B)
Class org.gradle.tooling.model.build.GradleEnvironment                                : loaded 2 times (x 68B)
Class com.amazon.ion.IonDecimal                                                       : loaded 2 times (x 68B)
Class org.jetbrains.plugins.gradle.model.tests.ExternalTestsModel                     : loaded 2 times (x 68B)
Class com.android.builder.model.v2.models.VariantDependenciesAdjacencyList            : loaded 2 times (x 68B)
Class org.jetbrains.plugins.gradle.tooling.util.IntObjectMap$ObjectFactory            : loaded 2 times (x 68B)
Class com.android.ide.common.repository.AgpVersion$Companion$WhenMappings             : loaded 2 times (x 69B)
Class org.gradle.tooling.model.idea.IdeaLanguageLevel                                 : loaded 2 times (x 68B)
Class org.gradle.tooling.internal.adapter.ProtocolToModelAdapter$SafeMethodInvoker    : loaded 2 times (x 74B)
Class org.gradle.tooling.internal.adapter.WeakIdentityHashMap$WeakKey                 : loaded 2 times (x 77B)
Class org.gradle.internal.exceptions.DefaultMultiCauseException                       : loaded 2 times (x 93B)
Class com.google.common.collect.ImmutableMultimap$2                                   : loaded 2 times (x 79B)
Class com.google.common.reflect.Types$JavaVersion$1                                   : loaded 2 times (x 81B)
Class com.google.common.collect.AbstractIterator$State                                : loaded 2 times (x 77B)
Class [Lorg.jetbrains.kotlin.config.ExplicitApiMode;                                  : loaded 2 times (x 67B)
Class com.google.common.collect.RegularImmutableBiMap                                 : loaded 2 times (x 147B)
Class com.google.common.cache.LocalCache$ValueReference                               : loaded 2 times (x 68B)
Class org.jetbrains.org.objectweb.asm.Opcodes                                         : loaded 2 times (x 68B)
Class org.jetbrains.kotlin.descriptors.annotations.Annotated                          : loaded 2 times (x 68B)
Class org.jetbrains.kotlin.descriptors.SourceElement$1                                : loaded 2 times (x 72B)
Class com.amazon.ion.IonException                                                     : loaded 2 times (x 82B)
Class com.amazon.ion.impl.bin.IonRawBinaryWriter$StreamCloseMode                      : loaded 2 times (x 77B)
Class com.amazon.ion.impl._Private_IonBinaryWriterBuilder$Mutable                     : loaded 2 times (x 113B)
Class com.intellij.gradle.toolingExtension.impl.model.projectModel.GradleExternalProjectSerializationService: loaded 2 times (x 75B)
Class com.android.builder.model.v2.ide.ProjectInfo                                    : loaded 2 times (x 68B)
Class kotlin.text.CharsKt__CharKt                                                     : loaded 2 times (x 69B)
Class com.amazon.ion.impl.bin.IonManagedBinaryWriter$UserState$3                      : loaded 2 times (x 83B)
Class kotlin.collections.ArrayDeque$Companion                                         : loaded 2 times (x 69B)
Class org.gradle.tooling.model.HierarchicalElement                                    : loaded 2 times (x 68B)
Class com.google.common.reflect.Types$JavaVersion$2                                   : loaded 2 times (x 81B)
Class com.google.common.reflect.Types                                                 : loaded 2 times (x 69B)
Class com.google.common.hash.PrimitiveSink                                            : loaded 2 times (x 68B)
Class org.jetbrains.kotlin.cli.common.arguments.CommonToolArguments                   : loaded 2 times (x 71B)
Class com.google.common.base.PatternCompiler                                          : loaded 2 times (x 68B)
Class com.google.common.util.concurrent.AbstractFuture$Failure                        : loaded 2 times (x 70B)
Class com.google.common.base.Equivalence$Equals                                       : loaded 2 times (x 80B)
Class com.google.common.collect.Hashing                                               : loaded 2 times (x 69B)
Class org.jetbrains.kotlin.metadata.ProtoBuf$Expression$1                             : loaded 2 times (x 142B)
Class org.jetbrains.kotlin.descriptors.DescriptorVisibility                           : loaded 2 times (x 76B)
Class org.jetbrains.org.objectweb.asm.tree.Util                                       : loaded 2 times (x 69B)
Class kotlin.LazyKt                                                                   : loaded 2 times (x 69B)
Class com.amazon.ion.impl.bin.IonRawBinaryWriter$PatchPoint                           : loaded 2 times (x 71B)
Class com.amazon.ion.IonBlob                                                          : loaded 2 times (x 68B)
Class com.amazon.ion.IonLob                                                           : loaded 2 times (x 68B)
Class com.amazon.ion.IonSequence                                                      : loaded 2 times (x 68B)
Class org.jetbrains.plugins.gradle.tooling.serialization.ExternalTestsSerializationService: loaded 2 times (x 75B)
Class [Lorg.jetbrains.kotlin.metadata.ProtoBuf$Modality;                              : loaded 2 times (x 67B)
Class org.gradle.internal.classloader.ClassLoaderHierarchy                            : loaded 2 times (x 68B)
Class com.android.builder.model.v2.dsl.DependenciesInfo                               : loaded 2 times (x 68B)
Class com.google.common.io.FileWriteMode                                              : loaded 2 times (x 77B)
Class [Lcom.google.common.base.AbstractIterator$State;                                : loaded 2 times (x 67B)
Class com.google.common.collect.ByFunctionOrdering                                    : loaded 2 times (x 113B)
Class kotlin.coroutines.EmptyCoroutineContext                                         : loaded 2 times (x 75B)
Class org.gradle.internal.time.Time                                                   : loaded 2 times (x 69B)
Class com.google.common.io.CharSink                                                   : loaded 2 times (x 77B)
Class com.google.common.reflect.Types$JavaVersion$3                                   : loaded 2 times (x 81B)
Class org.objectweb.asm.Label                                                         : loaded 2 times (x 71B)
Class org.objectweb.asm.CurrentFrame                                                  : loaded 2 times (x 71B)
Class org.objectweb.asm.ClassTooLargeException                                        : loaded 2 times (x 81B)
Class com.google.gson.stream.JsonReader                                               : loaded 2 times (x 95B)
Class org.jetbrains.kotlin.metadata.ProtoBuf$ExpressionOrBuilder                      : loaded 2 times (x 68B)
Class [Lorg.jetbrains.kotlin.metadata.ProtoBuf$Type$Argument$Projection;              : loaded 2 times (x 67B)
Class org.jetbrains.org.objectweb.asm.RecordComponentWriter                           : loaded 2 times (x 76B)
Class [Lcom.google.common.collect.MapMakerInternalMap$Segment;                        : loaded 2 times (x 67B)
Class com.amazon.ion.system.IonTextWriterBuilder                                      : loaded 2 times (x 96B)
Class com.amazon.ion.impl.bin.IonManagedBinaryWriter$ImportedSymbolResolverMode$1$1$1 : loaded 2 times (x 74B)
Class com.amazon.ion.impl._Private_LocalSymbolTableFactory                            : loaded 2 times (x 68B)
Class org.jetbrains.plugins.gradle.tooling.serialization.AnnotationProcessingModelSerializationService: loaded 2 times (x 75B)
Class com.google.common.cache.LocalCache$ValueIterator                                : loaded 2 times (x 84B)
Class com.intellij.gradle.toolingExtension.impl.model.sourceSetModel.GradleSourceSetSerialisationService$Companion: loaded 2 times (x 69B)
Class com.android.ide.common.gradle.Version$Companion$ParseState$NUMERIC              : loaded 2 times (x 72B)
Class com.amazon.ion.impl._Private_IonValue                                           : loaded 2 times (x 68B)
Class com.amazon.ion.impl.bin.IonManagedBinaryWriter$UserState$2                      : loaded 2 times (x 83B)
Class com.android.ide.common.repository.AgpVersion$PreviewKind                        : loaded 2 times (x 77B)
Class com.android.builder.model.v2.models.ProjectGraph                                : loaded 2 times (x 68B)
Class com.google.common.collect.MapMakerInternalMap$InternalEntryHelper               : loaded 2 times (x 68B)
Class com.google.common.collect.Table                                                 : loaded 2 times (x 68B)
Class com.google.common.reflect.Types$JavaVersion$4                                   : loaded 2 times (x 81B)
Class com.google.common.io.ByteSource$AsCharSource                                    : loaded 2 times (x 84B)
Class com.google.common.collect.Maps$IteratorBasedAbstractMap                         : loaded 2 times (x 123B)
Class org.jetbrains.kotlin.cli.common.messages.MessageCollector$Companion$NONE$1      : loaded 2 times (x 74B)
Class org.objectweb.asm.Frame                                                         : loaded 2 times (x 71B)
Class org.objectweb.asm.MethodVisitor                                                 : loaded 2 times (x 103B)
Class com.google.common.cache.LocalCache$EntryFactory$1                               : loaded 2 times (x 81B)
Class [Lcom.google.common.cache.RemovalListener;                                      : loaded 2 times (x 67B)
Class org.jetbrains.kotlin.metadata.ProtoBuf$EnumEntryOrBuilder                       : loaded 2 times (x 68B)
Class org.jetbrains.kotlin.descriptors.ValidateableDescriptor                         : loaded 2 times (x 68B)
Class jdk.internal.jimage.BasicImageReader                                            : loaded 2 times (x 93B)
Class org.jetbrains.kotlin.metadata.jvm.JvmProtoBuf$JvmPropertySignature$1            : loaded 2 times (x 142B)
Class org.jetbrains.org.objectweb.asm.MethodWriter                                    : loaded 2 times (x 103B)
Class org.jetbrains.kotlin.metadata.jvm.deserialization.JvmMetadataVersion$Companion  : loaded 2 times (x 69B)
Class org.jetbrains.kotlin.load.kotlin.FileBasedKotlinClass$OuterAndInnerName         : loaded 2 times (x 70B)
Class com.amazon.ion.impl.lite.IonNullLite                                            : loaded 2 times (x 173B)
Class [Lcom.intellij.openapi.externalSystem.model.project.dependencies.ResolutionState;: loaded 2 times (x 67B)
Class org.gradle.internal.impldep.gnu.trove.TObjectHash                               : loaded 2 times (x 92B)
Class org.jetbrains.plugins.gradle.model.DependencyAccessorsModel                     : loaded 2 times (x 68B)
Class org.jetbrains.kotlin.metadata.ProtoBuf$ContractOrBuilder                        : loaded 2 times (x 68B)
Class com.google.common.reflect.Types$JavaVersion$5                                   : loaded 2 times (x 69B)
Class [Lcom.google.common.reflect.Types$ClassOwnership;                               : loaded 2 times (x 67B)
Class com.google.common.cache.LocalCache$EntryFactory$2                               : loaded 2 times (x 81B)
Class org.gradle.api.internal.classpath.GlobalCacheRootsProvider                      : loaded 2 times (x 68B)
Class kotlin.Lazy                                                                     : loaded 2 times (x 68B)
Class [Lorg.jetbrains.kotlin.metadata.ProtoBuf$Visibility;                            : loaded 2 times (x 67B)
Class com.amazon.ion.impl.lite.IonClobLite                                            : loaded 2 times (x 218B)
Class com.amazon.ion.impl._Private_ValueFactory                                       : loaded 2 times (x 68B)
Class com.amazon.ion.impl.bin.IonRawBinaryWriter$PreallocationMode$1                  : loaded 2 times (x 80B)
Class [Lcom.amazon.ion.impl.bin._Private_IonManagedBinaryWriterBuilder$AllocatorMode; : loaded 2 times (x 67B)
Class org.jetbrains.kotlin.idea.gradleTooling.KotlinMPPGradleModel                    : loaded 2 times (x 68B)
Class com.intellij.gradle.toolingExtension.impl.model.dependencyDownloadPolicyModel.GradleDependencyDownloadPolicy: loaded 2 times (x 68B)
Class org.jetbrains.org.objectweb.asm.TypeReference                                   : loaded 2 times (x 78B)
Class org.gradle.tooling.model.BuildIdentifier                                        : loaded 2 times (x 68B)
Class com.google.common.collect.CollectCollectors                                     : loaded 2 times (x 69B)
Class org.objectweb.asm.ModuleWriter                                                  : loaded 2 times (x 80B)
Class com.google.common.cache.LocalCache$EntryFactory$3                               : loaded 2 times (x 81B)
Class com.google.common.base.Ticker$1                                                 : loaded 2 times (x 70B)
Class com.google.common.collect.Maps$BiMapConverter                                   : loaded 2 times (x 88B)
Class [Lorg.jetbrains.kotlin.metadata.ProtoBuf$Expression$ConstantValue;              : loaded 2 times (x 67B)
Class org.jetbrains.kotlin.metadata.ProtoBuf$Effect                                   : loaded 2 times (x 111B)
Class org.jetbrains.org.objectweb.asm.tree.InsnNode                                   : loaded 2 times (x 76B)
Class [Lkotlin.jvm.functions.Function1;                                               : loaded 2 times (x 67B)
Class org.jetbrains.org.objectweb.asm.RecordComponentVisitor                          : loaded 2 times (x 75B)
Class com.amazon.ion.IonInt                                                           : loaded 2 times (x 68B)
Class com.amazon.ion.impl.bin.IonRawBinaryWriter$PreallocationMode$2                  : loaded 2 times (x 80B)
Class org.jetbrains.kotlin.idea.gradleTooling.PrepareKotlinIdeImportTaskModel         : loaded 2 times (x 68B)
Class org.gradle.internal.classloader.FilteringClassLoader                            : loaded 2 times (x 103B)
Class com.google.common.base.Equivalence$Identity                                     : loaded 2 times (x 80B)
Class com.google.common.base.PairwiseEquivalence                                      : loaded 2 times (x 81B)
Class com.android.builder.model.v2.ide.VectorDrawablesOptions                         : loaded 2 times (x 68B)
Class com.google.common.collect.CollectSpliterators$1                                 : loaded 2 times (x 88B)
Class com.google.common.cache.LocalCache$EntryFactory$4                               : loaded 2 times (x 81B)
Class org.jetbrains.kotlin.descriptors.Visibility                                     : loaded 2 times (x 77B)
Class org.jetbrains.kotlin.protobuf.RopeByteString$RopeInputStream                    : loaded 2 times (x 90B)
Class org.jetbrains.kotlin.protobuf.CodedInputStream                                  : loaded 2 times (x 70B)
Class org.jetbrains.org.objectweb.asm.MethodTooLargeException                         : loaded 2 times (x 81B)
Class org.jetbrains.org.objectweb.asm.Context                                         : loaded 2 times (x 70B)
Class kotlin.sequences.ConstrainedOnceSequence                                        : loaded 2 times (x 73B)
Class com.amazon.ion.impl.bin.IonRawBinaryWriter$PreallocationMode$3                  : loaded 2 times (x 80B)
Class com.android.ide.gradle.model.GradlePluginModel                                  : loaded 2 times (x 68B)
Class com.android.builder.model.v2.ide.Edge                                           : loaded 2 times (x 68B)
Class com.google.common.collect.ReverseOrdering                                       : loaded 2 times (x 113B)
Class com.android.builder.model.v2.models.VariantDependenciesFlatList                 : loaded 2 times (x 68B)
Class org.gradle.tooling.model.build.JavaEnvironment                                  : loaded 2 times (x 68B)
Class com.google.common.io.ByteStreams$1                                              : loaded 2 times (x 83B)
Class com.google.common.cache.LocalCache$EntryFactory$5                               : loaded 2 times (x 81B)
Class org.jetbrains.kotlin.metadata.ProtoBuf$1                                        : loaded 2 times (x 69B)
Class org.jetbrains.kotlin.mpp.DeclarationSymbolMarker                                : loaded 2 times (x 68B)
Class org.jetbrains.org.objectweb.asm.CurrentFrame                                    : loaded 2 times (x 71B)
Class org.jetbrains.kotlin.protobuf.MessageLite$Builder                               : loaded 2 times (x 68B)
Class com.google.common.io.LineReader                                                 : loaded 2 times (x 70B)
Class kotlin.sequences.FlatteningSequence                                             : loaded 2 times (x 73B)
Class org.jetbrains.plugins.gradle.model.GradleExtension                              : loaded 2 times (x 68B)
Class com.amazon.ion.impl.lite.IonDecimalLite                                         : loaded 2 times (x 186B)
Class com.amazon.ion.IonBufferConfiguration$Builder                                   : loaded 2 times (x 76B)
Class com.android.builder.model.v2.ide.SourceSetContainer                             : loaded 2 times (x 68B)
Class org.gradle.internal.time.Timer                                                  : loaded 2 times (x 68B)
Class org.jetbrains.kotlin.config.JVMAssertionsMode$Companion                         : loaded 2 times (x 69B)
Class com.google.common.cache.LocalCache$EntryFactory$6                               : loaded 2 times (x 81B)
Class org.gradle.internal.installation.CurrentGradleInstallationLocator               : loaded 2 times (x 69B)
Class org.jetbrains.kotlin.metadata.ProtoBuf$VersionRequirement$Level$1               : loaded 2 times (x 72B)
Class org.jetbrains.kotlin.protobuf.FieldSet$1                                        : loaded 2 times (x 69B)
Class org.jetbrains.org.objectweb.asm.tree.LdcInsnNode                                : loaded 2 times (x 76B)
Class [Lcom.amazon.ion.impl.bin.IonRawBinaryWriter$ContainerType;                     : loaded 2 times (x 67B)
Class com.android.builder.model.v2.ide.LintOptions                                    : loaded 2 times (x 68B)
Class kotlin.text.MatcherMatchResult                                                  : loaded 2 times (x 78B)
Class org.gradle.tooling.internal.adapter.ProtocolToModelAdapter$ViewGraphDetails     : loaded 2 times (x 70B)
Class org.gradle.tooling.model.idea.IdeaProject                                       : loaded 2 times (x 68B)
Class org.gradle.tooling.model.DomainObjectSet                                        : loaded 2 times (x 68B)
Class com.google.common.collect.ImmutableMultimap$Builder                             : loaded 2 times (x 84B)
Class com.google.common.io.ByteSource$SlicedByteSource                                : loaded 2 times (x 83B)
Class org.jetbrains.kotlin.cli.common.messages.CompilerMessageSeverity$Companion      : loaded 2 times (x 69B)
Class com.google.common.collect.Maps$KeySet                                           : loaded 2 times (x 135B)
Class com.google.common.cache.LocalCache$EntryFactory$7                               : loaded 2 times (x 81B)
Class com.google.common.collect.ImmutableSet$EmptySetBuilderImpl                      : loaded 2 times (x 74B)
Class org.gradle.internal.service.DefaultServiceLocator                               : loaded 2 times (x 81B)
Class org.jetbrains.kotlin.metadata.ProtoBuf$Class$Kind$1                             : loaded 2 times (x 72B)
Class org.jetbrains.kotlin.protobuf.SmallSortedMap$Entry                              : loaded 2 times (x 86B)
Class org.jetbrains.kotlin.metadata.ProtoBuf$Package$1                                : loaded 2 times (x 142B)
Class org.jetbrains.org.objectweb.asm.SymbolTable                                     : loaded 2 times (x 70B)
Class org.jetbrains.org.objectweb.asm.tree.UnsupportedClassVersionException           : loaded 2 times (x 80B)
Class jdk.internal.jrtfs.JrtDirectoryStream                                           : loaded 2 times (x 87B)
Class com.amazon.ion.impl.bin.utf8.Utf8StringEncoder$Result                           : loaded 2 times (x 72B)
Class com.amazon.ion.impl.bin.utf8.Pool$Allocator                                     : loaded 2 times (x 68B)
Class com.amazon.ion.IonText                                                          : loaded 2 times (x 68B)
Class com.amazon.ion.impl.SymbolTokenImpl                                             : loaded 2 times (x 79B)
Class com.amazon.ion.SubstituteSymbolTableException                                   : loaded 2 times (x 82B)
Class com.android.builder.model.v2.ide.BasicArtifact                                  : loaded 2 times (x 68B)
Class kotlin.text.MatchGroupCollection                                                : loaded 2 times (x 68B)
Class kotlin.coroutines.jvm.internal.SuspendFunction                                  : loaded 2 times (x 68B)
Class org.gradle.util.GradleVersion                                                   : loaded 2 times (x 77B)
Class com.google.common.cache.LocalCache$SoftValueReference                           : loaded 2 times (x 95B)
Class com.google.common.collect.ImmutableMultimap$EntryCollection                     : loaded 2 times (x 126B)
Class com.google.common.collect.Maps$EntrySet                                         : loaded 2 times (x 134B)
Class org.jetbrains.kotlin.util.capitalizeDecapitalize.CapitalizeDecapitalizeKt       : loaded 2 times (x 69B)
Class com.google.common.cache.LocalCache$EntryFactory$8                               : loaded 2 times (x 81B)
Class org.gradle.internal.installation.CurrentGradleInstallation                      : loaded 2 times (x 71B)
Class org.jetbrains.kotlin.metadata.ProtoBuf$Annotation$ArgumentOrBuilder             : loaded 2 times (x 68B)
Class org.jetbrains.org.objectweb.asm.ModuleWriter                                    : loaded 2 times (x 79B)
Class org.jetbrains.kotlin.protobuf.FieldSet$FieldDescriptorLite                      : loaded 2 times (x 68B)
Class org.jetbrains.kotlin.protobuf.AbstractMessageLite                               : loaded 2 times (x 96B)
Class com.amazon.ion.impl.bin.IonManagedBinaryWriter$ImportDescriptor                 : loaded 2 times (x 74B)
Class com.amazon.ion.SymbolTable                                                      : loaded 2 times (x 68B)
Class org.jetbrains.plugins.gradle.tooling.serialization.GradleExtensionsSerializationService$WriteContext: loaded 2 times (x 70B)
Class com.intellij.gradle.toolingExtension.impl.model.taskModel.GradleTaskSerialisationService$Companion: loaded 2 times (x 69B)
Class org.jetbrains.plugins.gradle.javaModel.JavaGradleManifestModel                  : loaded 2 times (x 68B)
Class kotlin.jvm.internal.Ref$BooleanRef                                              : loaded 2 times (x 69B)
Class kotlin.jvm.internal.StringCompanionObject                                       : loaded 2 times (x 69B)
Class com.android.builder.model.v2.ide.ViewBindingOptions                             : loaded 2 times (x 68B)
Class com.android.ide.gradle.model.dependencies.DeclaredDependencies                  : loaded 2 times (x 68B)
Class kotlin.coroutines.intrinsics.IntrinsicsKt__IntrinsicsJvmKt                      : loaded 2 times (x 69B)
Class kotlin.coroutines.jvm.internal.CoroutineStackFrame                              : loaded 2 times (x 68B)
Class org.gradle.tooling.internal.adapter.ProtocolToModelAdapter$MethodInvocationCache$MethodInvocationKey: loaded 2 times (x 71B)
Class com.google.common.cache.CacheLoader$1                                           : loaded 2 times (x 73B)
Class org.gradle.util.internal.GUtil                                                  : loaded 2 times (x 69B)
Class org.jetbrains.kotlin.metadata.jvm.JvmProtoBuf$StringTableTypes$Record           : loaded 2 times (x 117B)
Class [Lorg.jetbrains.org.objectweb.asm.Label;                                        : loaded 2 times (x 67B)
Class org.jetbrains.kotlin.protobuf.FieldSet                                          : loaded 2 times (x 70B)
Class org.jetbrains.plugins.gradle.tooling.serialization.internal.IdeaProjectSerializationService$ReadContext: loaded 2 times (x 70B)
Class com.amazon.ion.impl.bin.IonManagedBinaryWriter$UserState$1                      : loaded 2 times (x 83B)
Class [Lcom.amazon.ion.impl.bin.IonManagedBinaryWriter$SymbolState;                   : loaded 2 times (x 67B)
Class com.amazon.ion.impl._Private_IonWriterBase                                      : loaded 2 times (x 160B)
Class com.amazon.ion.system.IonSystemBuilder                                          : loaded 2 times (x 73B)
Class com.amazon.ion.IonCatalog                                                       : loaded 2 times (x 68B)
Class com.intellij.gradle.toolingExtension.impl.model.sourceSetModel.GradleSourceSetSerialisationService$SourceSetModelReadContext: loaded 2 times (x 70B)
Class com.intellij.gradle.toolingExtension.impl.model.utilTurnOffDefaultTasksModel.TurnOffDefaultTasks: loaded 2 times (x 68B)
Class com.android.utils.StringHelper                                                  : loaded 2 times (x 69B)
Class com.google.common.io.ByteSource                                                 : loaded 2 times (x 82B)
Class com.google.common.util.concurrent.AbstractFuture$SetFuture                      : loaded 2 times (x 73B)
Class com.google.common.cache.AbstractCache$StatsCounter                              : loaded 2 times (x 68B)
Class org.jetbrains.kotlin.metadata.ProtoBuf$Annotation$Argument$Value$Type$1         : loaded 2 times (x 72B)
Class [Lorg.jetbrains.kotlin.metadata.ProtoBuf$MemberKind;                            : loaded 2 times (x 67B)
Class org.jetbrains.kotlin.metadata.ProtoBuf$Package                                  : loaded 2 times (x 127B)
Class org.jetbrains.kotlin.metadata.ProtoBuf$TypeTableOrBuilder                       : loaded 2 times (x 68B)
Class org.jetbrains.kotlin.metadata.ProtoBuf$TypeOrBuilder                            : loaded 2 times (x 68B)
Class com.intellij.gradle.toolingExtension.impl.model.sourceSetModel.GradleSourceSetSerialisationService$SourceSetModelWriteContext: loaded 2 times (x 70B)
Class kotlin.ranges.IntProgressionIterator                                            : loaded 2 times (x 80B)
Class com.android.builder.model.v2.dsl.BuildType                                      : loaded 2 times (x 68B)
Class org.jetbrains.kotlin.descriptors.SourceElement                                  : loaded 2 times (x 68B)
Class org.jetbrains.kotlin.metadata.ProtoBuf$TypeParameter$Variance$1                 : loaded 2 times (x 72B)
Class kotlin.coroutines.CoroutineContext                                              : loaded 2 times (x 68B)
Class kotlin.coroutines.jvm.internal.DebugProbesKt                                    : loaded 2 times (x 69B)
Class org.gradle.tooling.internal.adapter.WeakIdentityHashMap                         : loaded 2 times (x 74B)
Class org.gradle.tooling.GradleConnectionException                                    : loaded 2 times (x 81B)
Class org.gradle.tooling.internal.adapter.ProtocolToModelAdapter$1                    : loaded 2 times (x 73B)
Class org.gradle.tooling.internal.adapter.ProtocolToModelAdapter$ViewDecoration       : loaded 2 times (x 68B)
Class com.google.common.collect.MapMakerInternalMap$1                                 : loaded 2 times (x 81B)
Class com.google.common.io.LineBuffer                                                 : loaded 2 times (x 73B)
Class com.google.common.reflect.Types$TypeVariableImpl                                : loaded 2 times (x 70B)
Class org.gradle.internal.installation.GradleInstallation                             : loaded 2 times (x 73B)
Class org.jetbrains.kotlin.metadata.deserialization.ProtoTypeTableUtilKt              : loaded 2 times (x 69B)
Class [Lorg.jetbrains.kotlin.descriptors.DescriptorVisibility;                        : loaded 2 times (x 67B)
Class kotlin.collections.CollectionsKt__IteratorsJVMKt$iterator$1                     : loaded 2 times (x 77B)
Class jdk.internal.jimage.decompressor.ResourceDecompressor$StringsProvider           : loaded 2 times (x 68B)
Class com.amazon.ion.impl._Private_RecyclingQueue$Recycler                            : loaded 2 times (x 68B)
Class com.amazon.ion.impl.lite.ContainerlessContext                                   : loaded 2 times (x 78B)
Class org.jetbrains.plugins.gradle.tooling.serialization.GradleExtensionsSerializationService$ReadContext: loaded 2 times (x 70B)
Class [Lkotlin.Pair;                                                                  : loaded 2 times (x 67B)
Class com.google.common.collect.ForwardingCollection                                  : loaded 2 times (x 128B)
Class com.google.common.collect.LexicographicalOrdering                               : loaded 2 times (x 113B)
Class org.gradle.tooling.internal.adapter.MethodInvoker                               : loaded 2 times (x 68B)
Class com.google.common.base.Splitter$Strategy                                        : loaded 2 times (x 68B)
Class org.jetbrains.kotlin.config.LanguageFeature$State                               : loaded 2 times (x 80B)
Class org.jetbrains.kotlin.metadata.ProtoBuf$Annotation$Argument$Value$Type           : loaded 2 times (x 80B)
Class org.jetbrains.kotlin.metadata.ProtoBuf$Annotation$Builder                       : loaded 2 times (x 134B)
Class org.jetbrains.kotlin.metadata.jvm.JvmProtoBuf$StringTableTypes$Record$Operation : loaded 2 times (x 80B)
Class com.amazon.ion.UnexpectedEofException                                           : loaded 2 times (x 82B)
Class com.amazon.ion.IonSexp                                                          : loaded 2 times (x 68B)
Class com.amazon.ion.ReadOnlyValueException                                           : loaded 2 times (x 82B)
Class com.amazon.ion.impl._Private_LocalSymbolTable                                   : loaded 2 times (x 68B)
Class com.amazon.ion.BufferConfiguration$DataHandler                                  : loaded 2 times (x 68B)
Class com.amazon.ion.impl._Private_IonBinaryWriterBuilder                             : loaded 2 times (x 113B)
Class org.jetbrains.plugins.gradle.tooling.serialization.RepositoriesModelSerializationService$WriteContext: loaded 2 times (x 70B)
Class com.android.ide.gradle.model.LegacyAndroidGradlePluginProperties                : loaded 2 times (x 68B)
Class com.android.ide.common.gradle.Part                                              : loaded 2 times (x 75B)
Class com.google.common.collect.Lists$RandomAccessReverseList                         : loaded 2 times (x 198B)
Class kotlin.ranges.IntProgression                                                    : loaded 2 times (x 79B)
Class org.gradle.tooling.model.gradle.GradleScript                                    : loaded 2 times (x 68B)

---------------  S Y S T E M  ---------------

OS:
 Windows 11 , 64 bit Build 22621 (10.0.22621.3958)
OS uptime: 2 days 0:21 hours

CPU: total 4 (initial active 4) (2 cores per cpu, 2 threads per core) family 6 model 142 stepping 9 microcode 0xf0, cx8, cmov, fxsr, ht, mmx, 3dnowpref, sse, sse2, sse3, ssse3, sse4.1, sse4.2, popcnt, lzcnt, tsc, tscinvbit, avx, avx2, aes, erms, clmul, bmi1, bmi2, adx, fma, vzeroupper, clflush, clflushopt, rdtscp, f16c
Processor Information for the first 4 processors :
  Max Mhz: 2701, Current Mhz: 2701, Mhz Limit: 2701

Memory: 4k page, system-wide physical 8077M (487M free)
TotalPageFile size 16269M (AvailPageFile size 88M)
current process WorkingSet (physical memory assigned to process): 1059M, peak: 1059M
current process commit charge ("private bytes"): 1451M, peak: 1865M

vm_info: OpenJDK 64-Bit Server VM (21.0.7+-13880790-b1038.58) for windows-amd64 JRE (21.0.7+-13880790-b1038.58), built on 2025-08-04T20:56:21Z by "builder" with MS VC++ 16.10 / 16.11 (VS2019)

END.
